make,model,year,mileage,engine_hp,transmission,fuel_type,drivetrain,body_type,exterior_color,interior_color,owner_count,accident_history,seller_type,condition,trim,vehicle_age,mileage_per_year,price,country
Hyundai,Elantra,2015,193080,181,Automatic,Gasoline,FWD,SUV,Silver,Brown,5,No accident,Dealer,Good,EX,10,19308.0,3768.28,South Korea
Porsche,Macan,2021,50531,519,Manual,Diesel,RWD,Sedan,Silver,Gray,1,Minor,Private,Good,EX,4,12632.75,51246.4,Germany
Audi,A4,2018,85231,313,Automatic,Diesel,AWD,SUV,Red,Beige,2,No accident,Dealer,Good,LX,7,12175.857142857143,28445.97,Germany
BMW,X5,2016,96202,319,Automatic,Gasoline,AWD,Sedan,Gray,Beige,5,Minor,Dealer,Excellent,LX,9,10689.111111111111,23535.89,Germany
Jeep,Wrangler,2015,152899,247,Manual,Gasoline,RWD,SUV,Black,Beige,5,No accident,Dealer,Good,Sport,10,15289.9,12269.01,USA
Subaru,Forester,2013,153652,160,Manual,Gasoline,AWD,SUV,Blue,Gray,4,No accident,Private,Excellent,Touring,12,12804.333333333334,5512.89,Japan
Jeep,Wrangler,2019,95133,229,Automatic,Gasoline,RWD,SUV,Red,Black,5,No accident,Private,Fair,EX,6,15855.5,16811.85,USA
Toyota,RAV4,2012,174317,154,Automatic,Gasoline,FWD,Pickup Truck,Silver,Gray,3,Minor,Private,Good,EX,13,13409.0,2553.71,Japan
Volkswagen,Jetta,2017,119270,125,Automatic,Electric,RWD,Hatchback,Black,Gray,2,No accident,Dealer,Good,Base,8,14908.75,11540.08,Germany
Chevrolet,Silverado,2020,81434,190,Manual,Electric,AWD,Sedan,White,Black,3,Minor,Private,Good,Limited,5,16286.8,17868.15,USA
Nissan,Rogue,2012,188851,104,Manual,Diesel,FWD,Sedan,White,Black,5,Minor,Dealer,Good,LX,13,14527.0,1500.0,Japan
Mercedes-Benz,C-Class,2015,199713,305,Automatic,Diesel,AWD,Coupe,Blue,Black,5,No accident,Private,Good,LX,10,19971.3,19181.61,Germany
Dodge,Charger,2016,235938,139,Automatic,Electric,RWD,SUV,Red,Brown,5,Major,Dealer,Fair,Touring,9,26215.33333333333,3667.49,USA
Nissan,Titan,2020,91554,165,Automatic,Gasoline,RWD,Pickup Truck,Red,Gray,2,Minor,Dealer,Good,EX,5,18310.8,12081.29,Japan
Audi,Q5,2019,73056,266,Manual,Gasoline,AWD,SUV,Silver,Black,3,No accident,Dealer,Excellent,EX,6,12176.0,32991.06,Germany
Subaru,Crosstrek,2017,107625,195,Automatic,Gasoline,AWD,Sedan,Blue,Brown,1,No accident,Dealer,Good,Base,8,13453.125,13724.88,Japan
Mercedes-Benz,S-Class,2025,571,283,Manual,Diesel,RWD,SUV,Silver,Brown,1,Minor,Private,Excellent,Base,1,571.0,45640.36,Germany
Acura,TLX,2018,93538,227,Automatic,Gasoline,FWD,Sedan,Blue,Beige,4,No accident,Private,Excellent,Touring,7,13362.57142857143,22655.3,Japan
Volvo,V60,2019,130923,266,Automatic,Diesel,AWD,Wagon,Silver,Gray,4,No accident,Private,Excellent,Sport,6,21820.5,29270.04,Sweden
Chrysler,300,2014,163316,176,Manual,Diesel,AWD,Sedan,White,Brown,4,No accident,Dealer,Good,Base,11,14846.90909090909,10335.78,USA
Volvo,S60,2018,149781,315,Manual,Gasoline,AWD,Sedan,Silver,Gray,5,No accident,Dealer,Good,LX,7,21397.285714285717,27897.13,Sweden
Mazda,CX-5,2023,6286,168,Automatic,Diesel,RWD,Sedan,Gray,Beige,1,No accident,Dealer,Fair,Limited,2,3143.0,22999.77,Japan
Dodge,Charger,2023,27549,191,Manual,Diesel,FWD,Sedan,Red,Gray,1,Minor,Dealer,Good,EX,2,13774.5,28394.15,USA
Kia,Sorento,2024,15275,180,Automatic,Gasoline,RWD,SUV,Red,Beige,1,No accident,Dealer,Good,LX,1,15275.0,24204.32,South Korea
Mazda,Mazda6,2017,181012,206,Manual,Gasoline,RWD,Hatchback,White,Black,5,Minor,Dealer,Good,EX,8,22626.5,7318.94,Japan
Jeep,Wrangler,2021,70661,219,Manual,Electric,FWD,SUV,Black,Gray,3,No accident,Dealer,Good,LX,4,17665.25,25160.42,USA
GMC,Sierra,2019,144555,223,Automatic,Diesel,FWD,SUV,Black,Brown,3,Minor,Dealer,Good,EX,6,24092.5,17677.55,USA
Chevrolet,Malibu,2024,500,175,Automatic,Diesel,AWD,Coupe,Red,Black,1,No accident,Dealer,Good,EX,1,500.0,34119.11,USA
BMW,3 Series,2022,54154,314,Manual,Gasoline,RWD,SUV,Red,Black,5,No accident,Dealer,Good,Base,3,18051.33333333333,40230.83,Germany
Subaru,Outback,2014,125543,167,Automatic,Electric,AWD,Sedan,Black,Gray,5,No accident,Dealer,Excellent,Base,11,11413.0,8724.02,Japan
Mazda,CX-9,2019,104796,157,Automatic,Gasoline,AWD,Sedan,Silver,Black,1,No accident,Dealer,Good,Limited,6,17466.0,13190.19,Japan
Jeep,Cherokee,2014,230078,226,Automatic,Gasoline,AWD,SUV,Red,Beige,5,No accident,Dealer,Excellent,Touring,11,20916.18181818182,6212.36,USA
Audi,Q7,2019,140728,319,Manual,Electric,AWD,Sedan,Gray,Brown,5,No accident,Dealer,Excellent,Sport,6,23454.666666666668,31869.41,Germany
Jeep,Wrangler,2020,70246,204,Automatic,Diesel,RWD,SUV,Silver,Beige,5,No accident,Dealer,Fair,Base,5,14049.2,20240.89,USA
Audi,Q7,2012,172719,309,Automatic,Electric,AWD,SUV,Gray,Black,5,No accident,Dealer,Good,Base,13,13286.076923076924,14887.16,Germany
Audi,A6,2016,108073,323,Automatic,Electric,FWD,Sedan,Gray,Black,2,No accident,Dealer,Excellent,Base,9,12008.111111111111,26148.92,Germany
BMW,3 Series,2019,87375,278,Manual,Gasoline,FWD,Sedan,White,Beige,2,No accident,Dealer,Good,Limited,6,14562.5,28645.51,Germany
Volkswagen,Passat,2012,300000,137,Automatic,Diesel,FWD,Hatchback,Red,Beige,5,No accident,Dealer,Excellent,Limited,13,23076.92307692308,1500.0,Germany
Honda,Pilot,2018,99621,174,Manual,Gasoline,RWD,SUV,Gray,Beige,3,No accident,Dealer,Excellent,Limited,7,14231.57142857143,12505.89,Japan
Mazda,CX-9,2011,105449,150,Manual,Gasoline,RWD,SUV,White,Brown,5,Major,Dealer,Excellent,Limited,14,7532.071428571428,4309.78,Japan
Acura,Integra,2014,231955,254,Manual,Electric,RWD,SUV,Red,Gray,5,No accident,Private,Excellent,EX,11,21086.81818181818,10245.04,Japan
Dodge,Challenger,2024,11927,239,Manual,Gasoline,FWD,SUV,Blue,Beige,1,Minor,Dealer,Excellent,LX,1,11927.0,33057.86,USA
BMW,M3,2015,112497,273,Automatic,Gasoline,RWD,Coupe,Red,Gray,3,No accident,Private,Excellent,Limited,10,11249.7,20404.98,Germany
Dodge,Charger,2013,135859,175,Manual,Diesel,AWD,Sedan,Black,Beige,5,No accident,Dealer,Excellent,Touring,12,11321.583333333334,9064.23,USA
Chevrolet,Camaro,2025,4872,211,Manual,Gasoline,FWD,Sedan,Red,Black,1,No accident,Private,Good,LX,1,4872.0,33826.12,USA
Dodge,Charger,2019,130010,247,Automatic,Diesel,RWD,Coupe,Red,Gray,1,No accident,Private,Fair,Base,6,21668.33333333333,15359.09,USA
Honda,Accord,2021,107227,90,Automatic,Diesel,RWD,Minivan,Gray,Black,2,No accident,Dealer,Fair,Touring,4,26806.75,12786.71,Japan
Chevrolet,Silverado,2008,289767,216,Manual,Gasoline,RWD,Pickup Truck,Gray,Gray,5,No accident,Dealer,Fair,Base,17,17045.117647058825,1500.0,USA
Ram,1500,2012,80212,256,Automatic,Gasoline,AWD,Pickup Truck,White,Beige,5,No accident,Private,Excellent,Limited,13,6170.153846153846,13970.95,USA
Ram,3500,2022,18295,230,Automatic,Diesel,RWD,Pickup Truck,White,Black,3,No accident,Dealer,Excellent,Limited,3,6098.333333333333,32762.32,USA
GMC,Terrain,2013,281038,196,Manual,Electric,FWD,SUV,White,Black,5,No accident,Dealer,Excellent,LX,12,23419.83333333333,3408.59,USA
Volkswagen,Tiguan,2013,94870,172,Automatic,Diesel,RWD,Hatchback,Black,Gray,5,No accident,Dealer,Fair,Sport,12,7905.833333333333,7125.66,Germany
Volkswagen,Jetta,2019,118823,147,Manual,Gasoline,RWD,Hatchback,Red,Brown,1,Minor,Dealer,Good,Sport,6,19803.83333333333,11183.17,Germany
Nissan,Sentra,2022,62744,165,Manual,Diesel,AWD,SUV,Gray,Gray,3,No accident,Dealer,Good,Sport,3,20914.666666666668,19684.56,Japan
Kia,Optima,2017,47717,150,Manual,Gasoline,RWD,Sedan,Blue,Black,4,No accident,Private,Good,Base,8,5964.625,12716.62,South Korea
Subaru,Impreza,2013,259830,203,Manual,Electric,AWD,Sedan,Blue,Gray,5,No accident,Private,Excellent,Limited,12,21652.5,1500.0,Japan
Porsche,911,2024,21169,504,Automatic,Gasoline,AWD,SUV,Red,Beige,1,Minor,Dealer,Good,EX,1,21169.0,73313.28,Germany
Toyota,Camry,2017,139706,120,Automatic,Diesel,FWD,Pickup Truck,White,Beige,2,Minor,Dealer,Good,LX,8,17463.25,7359.86,Japan
Mercedes-Benz,GLE,2011,260843,322,Automatic,Diesel,FWD,SUV,Silver,Gray,5,Minor,Private,Excellent,Touring,14,18631.64285714286,8304.01,Germany
Ford,Explorer,2011,197482,207,Automatic,Diesel,AWD,Sedan,Red,Gray,5,No accident,Dealer,Excellent,Base,14,14105.857142857143,3088.11,USA
Land Rover,Discovery,2018,114510,403,Automatic,Gasoline,FWD,SUV,Gray,Brown,4,No accident,Dealer,Excellent,Touring,7,16358.57142857143,38946.65,UK
Kia,Sorento,2014,174208,168,Manual,Diesel,RWD,SUV,Silver,Gray,5,No accident,Private,Good,EX,11,15837.09090909091,3621.87,South Korea
BMW,3 Series,2014,201948,317,Manual,Electric,RWD,Sedan,White,Brown,4,No accident,Dealer,Excellent,Sport,11,18358.90909090909,16325.81,Germany
Ram,3500,2024,15765,213,Automatic,Diesel,RWD,Pickup Truck,Gray,Brown,1,No accident,Private,Excellent,Base,1,15765.0,39155.68,USA
Acura,MDX,2018,154047,280,Manual,Electric,AWD,Sedan,White,Beige,5,No accident,Dealer,Good,Sport,7,22006.714285714286,20564.35,Japan
Chrysler,300,2014,184123,180,Manual,Diesel,FWD,Minivan,Gray,Brown,5,No accident,Private,Excellent,Touring,11,16738.454545454544,8209.92,USA
Volkswagen,Atlas,2018,67130,153,Manual,Diesel,RWD,Sedan,Black,Black,5,No accident,Private,Excellent,LX,7,9590.0,14886.59,Germany
Toyota,Tacoma,2025,3148,146,Manual,Diesel,AWD,Sedan,Black,Brown,1,No accident,Private,Good,Sport,1,3148.0,23787.76,Japan
Volvo,S60,2013,101991,350,Manual,Gasoline,AWD,SUV,Red,Brown,5,No accident,Dealer,Good,Sport,12,8499.25,19532.54,Sweden
Honda,Accord,2017,134059,140,Automatic,Diesel,RWD,Minivan,White,Gray,5,No accident,Dealer,Excellent,Base,8,16757.375,8787.6,Japan
GMC,Sierra,2020,81590,246,Manual,Gasoline,FWD,Pickup Truck,Silver,Black,1,No accident,Dealer,Fair,Limited,5,16318.0,23669.84,USA
Dodge,Charger,2015,174160,198,Automatic,Diesel,RWD,Coupe,Gray,Gray,3,No accident,Dealer,Excellent,Sport,10,17416.0,10294.56,USA
Hyundai,Elantra,2020,37476,152,Automatic,Diesel,AWD,SUV,Red,Black,3,No accident,Dealer,Good,LX,5,7495.2,13881.47,South Korea
Mercedes-Benz,GLE,2015,241378,322,Automatic,Gasoline,AWD,SUV,Blue,Gray,5,No accident,Dealer,Good,Limited,10,24137.8,16750.6,Germany
BMW,X3,2021,76335,343,Automatic,Gasoline,FWD,SUV,Gray,Beige,1,No accident,Private,Good,Limited,4,19083.75,34333.62,Germany
Nissan,Pathfinder,2014,146141,153,Automatic,Electric,AWD,Sedan,Gray,Beige,5,Minor,Dealer,Good,Touring,11,13285.545454545454,4324.47,Japan
Jeep,Cherokee,2017,82279,270,Manual,Electric,FWD,SUV,White,Black,5,No accident,Dealer,Excellent,EX,8,10284.875,19994.6,USA
Toyota,Camry,2021,78869,131,Automatic,Gasoline,FWD,SUV,Red,Beige,1,Minor,Dealer,Good,LX,4,19717.25,14385.64,Japan
Porsche,Panamera,2019,114902,469,Automatic,Diesel,FWD,Sedan,White,Black,2,No accident,Dealer,Good,LX,6,19150.33333333333,52250.75,Germany
Mazda,Mazda3,2018,109113,128,Automatic,Gasoline,FWD,Sedan,Blue,Brown,4,No accident,Dealer,Fair,Limited,7,15587.57142857143,10148.21,Japan
Ford,F-150,2017,69833,165,Manual,Gasoline,FWD,Sedan,White,Gray,4,Minor,Dealer,Excellent,Sport,8,8729.125,13794.19,USA
Dodge,Durango,2016,138261,208,Manual,Electric,FWD,Coupe,Blue,Gray,5,Minor,Dealer,Excellent,Base,9,15362.333333333334,12644.16,USA
Subaru,Outback,2020,50424,147,Manual,Electric,AWD,SUV,White,Gray,2,Minor,Dealer,Excellent,LX,5,10084.8,16522.56,Japan
Mazda,Mazda3,2025,4757,161,Automatic,Gasoline,AWD,SUV,Blue,Gray,1,Minor,Dealer,Good,Touring,1,4757.0,27189.73,Japan
Honda,Accord,2021,62468,99,Manual,Electric,FWD,Minivan,Red,Beige,1,No accident,Private,Excellent,LX,4,15617.0,17247.78,Japan
Acura,Integra,2016,128543,267,Automatic,Electric,AWD,SUV,Gray,Brown,1,No accident,Private,Good,Sport,9,14282.555555555557,17704.49,Japan
Dodge,Challenger,2018,153045,181,Automatic,Diesel,AWD,Sedan,Black,Brown,5,Minor,Private,Good,Base,7,21863.571428571428,12701.65,USA
Honda,Accord,2020,104534,152,Automatic,Electric,FWD,SUV,Red,Brown,5,Minor,Dealer,Excellent,EX,5,20906.8,14077.78,Japan
Subaru,Crosstrek,2015,208637,128,Automatic,Gasoline,AWD,SUV,Silver,Gray,5,Minor,Private,Excellent,EX,10,20863.7,3800.38,Japan
Dodge,Challenger,2012,252926,232,Manual,Electric,AWD,Coupe,Blue,Gray,5,Minor,Dealer,Excellent,Base,13,19455.846153846152,2231.91,USA
Mazda,Mazda6,2018,134364,132,Automatic,Diesel,RWD,Hatchback,Blue,Brown,5,Minor,Private,Good,Touring,7,19194.85714285714,8782.64,Japan
Toyota,RAV4,2021,103600,158,Automatic,Diesel,FWD,SUV,Red,Brown,4,No accident,Dealer,Excellent,Base,4,25900.0,16238.65,Japan
Jeep,Grand Cherokee,2019,39233,262,Manual,Electric,AWD,SUV,Blue,Gray,3,No accident,Dealer,Excellent,EX,6,6538.833333333333,25463.7,USA
Audi,A6,2019,98826,316,Manual,Diesel,RWD,Coupe,Black,Black,3,No accident,Dealer,Good,Base,6,16471.0,34085.27,Germany
Dodge,Durango,2016,118600,229,Manual,Electric,AWD,Sedan,Red,Gray,3,No accident,Dealer,Excellent,Sport,9,13177.777777777776,14106.92,USA
Hyundai,Tucson,2019,89956,90,Manual,Diesel,FWD,Sedan,White,Beige,3,No accident,Dealer,Excellent,Limited,6,14992.666666666666,12217.83,South Korea
Audi,Q7,2023,35393,299,Manual,Electric,AWD,Sedan,Blue,Black,5,No accident,Dealer,Good,Base,2,17696.5,44761.77,Germany
BMW,X3,2020,101835,281,Manual,Electric,RWD,Sedan,Black,Beige,4,No accident,Private,Excellent,Limited,5,20367.0,35334.19,Germany
Ford,Mustang,2014,121483,168,Manual,Diesel,FWD,SUV,Black,Black,5,No accident,Private,Excellent,Base,11,11043.90909090909,9126.13,USA
Mercedes-Benz,S-Class,2025,4514,301,Manual,Diesel,FWD,SUV,Black,Gray,3,No accident,Dealer,Fair,Base,1,4514.0,50825.77,Germany
Mercedes-Benz,S-Class,2016,214629,321,Manual,Diesel,FWD,Coupe,Red,Gray,5,No accident,Dealer,Excellent,LX,9,23847.666666666668,21748.83,Germany
Nissan,Pathfinder,2025,2495,114,Automatic,Electric,RWD,Pickup Truck,Silver,Beige,3,Minor,Dealer,Excellent,LX,1,2495.0,24506.97,Japan
GMC,Sierra,2017,79316,244,Manual,Electric,FWD,Pickup Truck,White,Gray,5,No accident,Private,Good,Limited,8,9914.5,21064.07,USA
Volkswagen,Jetta,2016,132703,120,Manual,Gasoline,AWD,Sedan,Gray,Gray,5,No accident,Dealer,Good,EX,9,14744.777777777776,8620.88,Germany
Audi,Q7,2018,166655,303,Automatic,Electric,FWD,Coupe,Black,Black,5,Minor,Dealer,Good,Sport,7,23807.85714285714,23821.02,Germany
Ram,2500,2008,271949,206,Automatic,Gasoline,AWD,Pickup Truck,White,Beige,5,No accident,Dealer,Excellent,EX,17,15997.0,1500.0,USA
BMW,M3,2017,91229,256,Automatic,Diesel,AWD,SUV,Gray,Black,4,No accident,Dealer,Excellent,Touring,8,11403.625,25402.53,Germany
Ram,3500,2018,81332,194,Manual,Electric,FWD,Pickup Truck,Red,Brown,4,No accident,Private,Excellent,Base,7,11618.857142857143,22762.14,USA
Land Rover,Range Rover,2016,149218,393,Automatic,Electric,RWD,SUV,Blue,Black,5,No accident,Private,Fair,Sport,9,16579.777777777777,27747.63,UK
Jeep,Compass,2022,50158,187,Manual,Diesel,RWD,SUV,White,Beige,2,Minor,Private,Fair,EX,3,16719.333333333332,19779.46,USA
Nissan,Pathfinder,2014,207160,90,Automatic,Diesel,AWD,Sedan,Gray,Brown,4,No accident,Private,Good,EX,11,18832.727272727272,1500.0,Japan
Land Rover,Discovery,2013,107903,440,Automatic,Diesel,RWD,SUV,White,Beige,3,No accident,Dealer,Excellent,Touring,12,8991.916666666666,33204.95,UK
Cadillac,CT5,2015,229895,271,Manual,Electric,FWD,SUV,White,Beige,3,No accident,Private,Excellent,Limited,10,22989.5,17465.95,USA
GMC,Yukon,2015,101480,237,Automatic,Electric,FWD,SUV,Red,Beige,4,No accident,Dealer,Fair,Touring,10,10148.0,15041.86,USA
Subaru,Outback,2018,107001,129,Manual,Electric,AWD,Sedan,Gray,Beige,2,No accident,Dealer,Excellent,Touring,7,15285.857142857143,13563.35,Japan
Jeep,Wrangler,2018,105767,212,Manual,Electric,FWD,SUV,Silver,Brown,2,Minor,Private,Fair,Base,7,15109.57142857143,12196.64,USA
Toyota,Tacoma,2015,118359,96,Manual,Diesel,FWD,Pickup Truck,Silver,Beige,5,Minor,Dealer,Good,Sport,10,11835.9,6528.68,Japan
Subaru,Impreza,2014,57814,247,Automatic,Gasoline,AWD,Sedan,Blue,Beige,3,No accident,Private,Good,Limited,11,5255.818181818182,12915.59,Japan
Toyota,Camry,2022,75837,125,Manual,Electric,RWD,SUV,Red,Brown,5,No accident,Dealer,Good,Limited,3,25279.0,17828.82,Japan
BMW,X5,2019,177120,250,Automatic,Electric,AWD,Coupe,Gray,Gray,1,Minor,Dealer,Good,LX,6,29520.0,22307.74,Germany
Land Rover,Discovery,2019,77679,435,Automatic,Electric,FWD,SUV,Red,Brown,4,Minor,Private,Excellent,Base,6,12946.5,43685.98,UK
Chrysler,300,2014,114429,207,Automatic,Electric,RWD,Minivan,White,Brown,5,No accident,Dealer,Fair,EX,11,10402.636363636364,10730.1,USA
Mercedes-Benz,GLE,2022,46304,340,Automatic,Gasoline,FWD,SUV,White,Gray,2,Minor,Dealer,Fair,Base,3,15434.666666666666,34737.41,Germany
GMC,Yukon,2017,152516,227,Manual,Diesel,AWD,Pickup Truck,Gray,Beige,5,Minor,Dealer,Good,Base,8,19064.5,15097.19,USA
Honda,CR-V,2019,69720,161,Manual,Electric,FWD,Sedan,Gray,Gray,3,No accident,Private,Excellent,EX,6,11620.0,15069.74,Japan
GMC,Acadia,2022,61203,199,Manual,Diesel,FWD,SUV,Silver,Gray,2,Major,Dealer,Good,Limited,3,20401.0,24651.56,USA
Porsche,Panamera,2018,138839,480,Manual,Diesel,RWD,Coupe,White,Beige,5,Minor,Dealer,Good,LX,7,19834.14285714286,36744.14,Germany
Jeep,Compass,2014,238838,124,Manual,Diesel,FWD,SUV,Gray,Brown,5,No accident,Private,Excellent,Base,11,21712.545454545456,3436.89,USA
Mazda,Mazda3,2020,49327,177,Automatic,Gasoline,RWD,Hatchback,Red,Gray,5,No accident,Dealer,Good,Base,5,9865.4,19372.01,Japan
Lexus,GX,2010,153696,244,Automatic,Gasoline,RWD,SUV,Blue,Brown,5,No accident,Dealer,Good,Sport,15,10246.4,9348.59,Japan
Nissan,Sentra,2013,86462,115,Automatic,Electric,RWD,Sedan,Gray,Brown,5,Minor,Dealer,Excellent,EX,12,7205.166666666667,6359.09,Japan
BMW,X3,2023,37182,275,Manual,Electric,RWD,Sedan,Blue,Brown,1,Minor,Dealer,Fair,EX,2,18591.0,36586.53,Germany
Chrysler,300,2014,230890,214,Automatic,Electric,AWD,Minivan,Gray,Beige,5,No accident,Dealer,Excellent,LX,11,20990.0,7370.56,USA
Toyota,RAV4,2020,32061,140,Manual,Electric,RWD,Sedan,White,Beige,2,No accident,Dealer,Good,Limited,5,6412.2,18012.34,Japan
Land Rover,Discovery,2016,111072,375,Manual,Electric,AWD,SUV,Gray,Black,4,No accident,Dealer,Excellent,Limited,9,12341.333333333334,37831.98,UK
Chrysler,300,2024,3465,169,Automatic,Gasoline,RWD,Sedan,Gray,Black,3,Minor,Dealer,Excellent,Base,1,3465.0,34823.49,USA
Volkswagen,Passat,2022,19910,194,Manual,Electric,RWD,SUV,Blue,Gray,5,No accident,Dealer,Good,Sport,3,6636.666666666667,25858.98,Germany
Ram,3500,2019,123640,151,Automatic,Gasoline,RWD,Pickup Truck,Red,Black,4,No accident,Dealer,Excellent,Touring,6,20606.666666666668,18416.12,USA
Toyota,Camry,2023,15119,220,Manual,Gasoline,RWD,Sedan,Red,Black,1,Minor,Private,Excellent,Limited,2,7559.5,22611.0,Japan
Honda,Civic,2013,192277,141,Manual,Gasoline,AWD,Sedan,Red,Beige,5,No accident,Dealer,Good,EX,12,16023.083333333334,2052.57,Japan
Subaru,Impreza,2013,198014,114,Automatic,Gasoline,AWD,Sedan,Red,Beige,5,No accident,Dealer,Good,Touring,12,16501.166666666668,2643.48,Japan
Chrysler,Pacifica,2011,209860,227,Automatic,Gasoline,FWD,Minivan,Black,Brown,5,Major,Private,Fair,Base,14,14990.0,2937.72,USA
Audi,R8,2015,100550,278,Manual,Electric,AWD,SUV,Gray,Black,2,No accident,Dealer,Excellent,Base,10,10055.0,22529.97,Germany
Ford,F-150,2014,159970,136,Manual,Diesel,AWD,Coupe,White,Brown,5,No accident,Dealer,Excellent,Base,11,14542.727272727272,6489.87,USA
Kia,Telluride,2020,80220,184,Automatic,Diesel,AWD,SUV,Red,Gray,3,No accident,Dealer,Good,Base,5,16044.0,15782.46,South Korea
Ford,Explorer,2023,15777,166,Automatic,Diesel,RWD,SUV,Blue,Gray,1,No accident,Dealer,Excellent,Base,2,7888.5,30890.92,USA
Tesla,Model X,2021,71252,380,Automatic,Electric,AWD,Sedan,Red,Beige,3,Minor,Dealer,Fair,Limited,4,17813.0,34002.66,USA
Subaru,Outback,2019,86303,193,Automatic,Electric,AWD,SUV,Gray,Brown,1,No accident,Private,Good,Base,6,14383.833333333334,15433.45,Japan
Toyota,Corolla,2019,145571,164,Manual,Electric,RWD,Sedan,White,Gray,3,No accident,Dealer,Good,Limited,6,24261.83333333333,11877.61,Japan
BMW,5 Series,2018,63640,280,Manual,Electric,RWD,Sedan,White,Gray,5,No accident,Private,Excellent,Sport,7,9091.42857142857,30784.19,Germany
Ram,1500,2012,187625,251,Automatic,Gasoline,RWD,Pickup Truck,Silver,Beige,5,No accident,Dealer,Fair,Limited,13,14432.692307692309,6777.28,USA
Toyota,RAV4,2018,42038,202,Automatic,Gasoline,FWD,Pickup Truck,Gray,Beige,5,No accident,Dealer,Good,Sport,7,6005.428571428572,16305.01,Japan
Volvo,XC60,2020,81892,265,Automatic,Gasoline,RWD,Sedan,Black,Gray,2,No accident,Dealer,Good,Base,5,16378.4,33689.34,Sweden
Mercedes-Benz,S-Class,2019,80049,313,Manual,Gasoline,FWD,SUV,Gray,Black,5,No accident,Dealer,Good,Limited,6,13341.5,34248.83,Germany
Volvo,S60,2018,38122,344,Manual,Gasoline,RWD,Wagon,Blue,Brown,4,Minor,Dealer,Excellent,Touring,7,5446.0,32706.83,Sweden
Toyota,RAV4,2010,300000,175,Manual,Electric,RWD,Pickup Truck,Red,Black,5,No accident,Private,Good,LX,15,20000.0,1500.0,Japan
Volkswagen,Golf,2016,191375,193,Manual,Gasoline,RWD,Hatchback,Blue,Brown,1,Minor,Private,Excellent,Sport,9,21263.88888888889,6386.17,Germany
Chrysler,Pacifica,2013,300000,207,Automatic,Diesel,FWD,Minivan,Gray,Brown,4,No accident,Dealer,Good,Touring,12,25000.0,1697.54,USA
Kia,Telluride,2017,149485,159,Manual,Diesel,AWD,Sedan,Gray,Black,5,No accident,Private,Excellent,Base,8,18685.625,7936.59,South Korea
Dodge,Challenger,2022,39610,193,Automatic,Diesel,RWD,Coupe,White,Black,4,Minor,Dealer,Good,Limited,3,13203.333333333334,21735.41,USA
Ram,1500,2012,192926,207,Manual,Electric,RWD,Pickup Truck,Gray,Black,3,No accident,Dealer,Excellent,EX,13,14840.46153846154,6925.68,USA
Chrysler,300,2013,57315,224,Automatic,Diesel,RWD,Minivan,Black,Black,5,Minor,Dealer,Excellent,EX,12,4776.25,12098.07,USA
Volvo,V60,2011,267519,316,Automatic,Diesel,FWD,Wagon,Gray,Gray,5,Minor,Dealer,Good,Base,14,19108.5,6795.36,Sweden
BMW,5 Series,2019,94708,338,Manual,Gasoline,RWD,SUV,White,Black,2,No accident,Dealer,Excellent,Sport,6,15784.666666666666,33389.32,Germany
Jeep,Grand Cherokee,2016,104104,169,Automatic,Gasoline,FWD,SUV,Blue,Gray,5,No accident,Private,Good,LX,9,11567.111111111111,12378.37,USA
Chrysler,Pacifica,2015,136287,232,Manual,Electric,FWD,Sedan,White,Black,5,Minor,Dealer,Good,Limited,10,13628.7,12540.08,USA
Chevrolet,Equinox,2019,107840,192,Automatic,Diesel,FWD,Coupe,White,Brown,1,No accident,Dealer,Excellent,LX,6,17973.333333333332,16940.73,USA
Mazda,Mazda3,2013,98217,158,Manual,Gasoline,RWD,Hatchback,Gray,Black,5,No accident,Dealer,Good,Sport,12,8184.75,7865.5,Japan
Nissan,Sentra,2018,110902,90,Automatic,Gasoline,RWD,Sedan,Silver,Gray,3,No accident,Private,Excellent,Sport,7,15843.142857142857,10074.06,Japan
Subaru,Outback,2019,10131,139,Automatic,Electric,AWD,Sedan,Silver,Black,2,No accident,Private,Good,Base,6,1688.5,18186.26,Japan
Honda,Odyssey,2015,83706,90,Manual,Gasoline,AWD,Minivan,White,Gray,5,No accident,Private,Excellent,LX,10,8370.6,7673.18,Japan
Hyundai,Sonata,2009,201124,154,Automatic,Gasoline,AWD,SUV,Blue,Gray,5,No accident,Dealer,Excellent,LX,16,12570.25,1500.0,South Korea
Kia,Optima,2021,47364,136,Manual,Gasoline,FWD,Sedan,Gray,Gray,1,No accident,Dealer,Fair,Limited,4,11841.0,15008.82,South Korea
Porsche,Cayenne,2020,39088,448,Automatic,Diesel,AWD,Coupe,Red,Black,1,No accident,Private,Excellent,Base,5,7817.6,57253.66,Germany
Cadillac,Escalade,2013,110135,334,Automatic,Gasoline,FWD,SUV,White,Black,4,No accident,Dealer,Excellent,EX,12,9177.916666666666,20948.91,USA
Jeep,Grand Cherokee,2017,140285,220,Manual,Gasoline,AWD,SUV,Black,Black,2,No accident,Private,Excellent,Limited,8,17535.625,14224.17,USA
Mazda,CX-5,2016,144284,162,Manual,Diesel,FWD,Sedan,Red,Gray,5,No accident,Dealer,Good,Limited,9,16031.555555555557,7368.3,Japan
GMC,Terrain,2020,56392,216,Manual,Diesel,FWD,Pickup Truck,Blue,Black,4,No accident,Dealer,Fair,EX,5,11278.4,25081.65,USA
Chevrolet,Silverado,2013,273270,172,Manual,Diesel,FWD,SUV,White,Black,4,No accident,Private,Excellent,Base,12,22772.5,1500.0,USA
Nissan,Rogue,2021,44002,160,Automatic,Gasoline,RWD,Sedan,White,Gray,5,No accident,Private,Excellent,Sport,4,11000.5,17649.7,Japan
GMC,Acadia,2012,154877,170,Manual,Electric,RWD,SUV,Blue,Black,5,No accident,Dealer,Good,Sport,13,11913.615384615385,9275.6,USA
Honda,CR-V,2017,120875,113,Automatic,Diesel,AWD,SUV,Black,Black,5,No accident,Dealer,Good,Sport,8,15109.375,9402.89,Japan
Toyota,Tacoma,2017,13522,233,Manual,Gasoline,RWD,Sedan,Black,Gray,4,No accident,Dealer,Excellent,Base,8,1690.25,18157.1,Japan
Chrysler,300,2012,260047,273,Manual,Electric,FWD,Minivan,Silver,Black,5,No accident,Dealer,Excellent,Limited,13,20003.615384615383,4440.2,USA
Ram,1500,2021,47738,210,Automatic,Electric,FWD,Pickup Truck,White,Brown,1,No accident,Dealer,Good,LX,4,11934.5,27288.56,USA
Mercedes-Benz,E-Class,2013,207453,339,Manual,Electric,RWD,Sedan,Black,Beige,3,No accident,Dealer,Good,Base,12,17287.75,15346.78,Germany
Chevrolet,Tahoe,2009,228389,171,Manual,Gasoline,RWD,SUV,Black,Beige,5,No accident,Dealer,Good,LX,16,14274.3125,1500.0,USA
Kia,Forte,2021,29432,102,Manual,Electric,AWD,SUV,Red,Beige,5,No accident,Dealer,Good,LX,4,7358.0,18527.17,South Korea
Volkswagen,Golf,2024,8545,164,Manual,Diesel,RWD,SUV,White,Black,2,Minor,Dealer,Fair,Limited,1,8545.0,25710.84,Germany
GMC,Acadia,2021,102742,246,Automatic,Electric,AWD,SUV,Blue,Gray,5,No accident,Dealer,Good,Touring,4,25685.5,29468.8,USA
Honda,CR-V,2020,83564,168,Manual,Electric,RWD,Sedan,White,Brown,2,Minor,Dealer,Good,Sport,5,16712.8,15295.79,Japan
Tesla,Model S,2020,78294,379,Automatic,Electric,AWD,SUV,Silver,Gray,2,No accident,Dealer,Good,Limited,5,15658.8,42766.9,USA
Volkswagen,Jetta,2019,149554,144,Automatic,Diesel,RWD,Sedan,Black,Gray,4,No accident,Dealer,Excellent,LX,6,24925.666666666668,12429.25,Germany
Audi,Q5,2011,272036,278,Automatic,Electric,AWD,SUV,White,Gray,5,No accident,Dealer,Good,Base,14,19431.14285714286,7327.32,Germany
Dodge,Durango,2014,199812,141,Automatic,Diesel,FWD,SUV,Gray,Gray,4,No accident,Dealer,Excellent,Base,11,18164.727272727272,6173.03,USA
Hyundai,Elantra,2011,66722,159,Manual,Diesel,AWD,Sedan,Gray,Gray,5,No accident,Dealer,Good,EX,14,4765.857142857143,7128.82,South Korea
Jeep,Grand Cherokee,2022,42706,204,Automatic,Gasoline,RWD,SUV,Black,Black,3,Minor,Dealer,Excellent,LX,3,14235.333333333334,27087.83,USA
Cadillac,Lyriq,2016,120762,334,Manual,Electric,AWD,SUV,Gray,Beige,5,Major,Dealer,Good,Limited,9,13418.0,19984.1,USA
Acura,MDX,2015,86804,236,Manual,Gasoline,FWD,SUV,Black,Brown,4,No accident,Private,Fair,Sport,10,8680.4,16442.76,Japan
Chrysler,Pacifica,2017,134643,193,Automatic,Electric,RWD,Minivan,Red,Black,4,No accident,Dealer,Good,Touring,8,16830.375,15380.12,USA
Toyota,Tacoma,2023,33271,122,Manual,Diesel,FWD,Sedan,Gray,Beige,1,No accident,Private,Good,Sport,2,16635.5,22370.85,Japan
Hyundai,Tucson,2019,100735,103,Manual,Electric,RWD,Sedan,Blue,Brown,4,No accident,Dealer,Good,Touring,6,16789.166666666668,11051.84,South Korea
Kia,Telluride,2010,108094,113,Automatic,Gasoline,AWD,SUV,White,Gray,5,No accident,Dealer,Excellent,Base,15,7206.266666666666,3777.38,South Korea
Toyota,Camry,2017,86941,185,Manual,Electric,RWD,Pickup Truck,Blue,Black,4,No accident,Private,Fair,Base,8,10867.625,11498.77,Japan
Volkswagen,Jetta,2020,51578,219,Manual,Gasoline,FWD,Sedan,Red,Beige,5,No accident,Dealer,Good,Sport,5,10315.6,20104.04,Germany
Audi,Q7,2015,93634,313,Manual,Diesel,RWD,Sedan,Black,Beige,5,No accident,Dealer,Good,Touring,10,9363.4,25232.0,Germany
Hyundai,Elantra,2019,121005,136,Manual,Electric,RWD,SUV,Blue,Black,1,Minor,Dealer,Good,Limited,6,20167.5,9359.03,South Korea
Hyundai,Santa Fe,2019,120223,93,Automatic,Diesel,FWD,SUV,Blue,Brown,2,No accident,Dealer,Good,Sport,6,20037.166666666668,9788.26,South Korea
Honda,Pilot,2021,67754,168,Manual,Diesel,RWD,Minivan,Blue,Beige,2,No accident,Dealer,Excellent,EX,4,16938.5,16913.18,Japan
Cadillac,CT5,2022,23660,312,Automatic,Gasoline,FWD,SUV,Black,Black,1,No accident,Dealer,Good,Base,3,7886.666666666667,41575.0,USA
Volvo,XC60,2019,110399,332,Automatic,Electric,FWD,SUV,White,Gray,2,No accident,Dealer,Excellent,LX,6,18399.83333333333,31847.43,Sweden
Land Rover,Discovery,2025,2553,421,Automatic,Gasoline,FWD,SUV,Blue,Black,2,No accident,Dealer,Excellent,LX,1,2553.0,81684.25,UK
Chevrolet,Tahoe,2021,97755,187,Automatic,Electric,AWD,Sedan,Black,Gray,1,Minor,Dealer,Good,EX,4,24438.75,19157.47,USA
Chevrolet,Malibu,2024,22248,158,Automatic,Diesel,AWD,Coupe,White,Brown,1,No accident,Dealer,Excellent,Limited,1,22248.0,36872.24,USA
Toyota,RAV4,2020,111267,168,Automatic,Diesel,RWD,SUV,Black,Black,3,No accident,Dealer,Excellent,Base,5,22253.4,14721.61,Japan
Honda,Odyssey,2022,37821,123,Automatic,Diesel,RWD,SUV,Blue,Gray,3,Minor,Private,Excellent,Touring,3,12607.0,19918.75,Japan
Tesla,Model 3,2018,92580,344,Automatic,Electric,AWD,Sedan,Black,Gray,2,No accident,Dealer,Excellent,Sport,7,13225.714285714286,33286.41,USA
Chevrolet,Malibu,2008,261441,214,Automatic,Diesel,RWD,Coupe,Silver,Gray,5,Minor,Dealer,Excellent,Touring,17,15378.882352941177,1500.0,USA
Mazda,Mazda6,2020,86395,161,Automatic,Electric,FWD,SUV,Blue,Gray,4,No accident,Dealer,Good,LX,5,17279.0,16088.63,Japan
Volvo,XC60,2019,110394,285,Automatic,Gasoline,RWD,Sedan,Blue,Black,2,No accident,Dealer,Good,LX,6,18399.0,30257.14,Sweden
Nissan,Altima,2011,253068,137,Automatic,Gasoline,AWD,SUV,Gray,Beige,5,No accident,Dealer,Good,LX,14,18076.285714285717,1500.0,Japan
Kia,Optima,2019,56130,189,Automatic,Gasoline,RWD,Sedan,Red,Black,4,Major,Private,Good,LX,6,9355.0,11837.81,South Korea
Nissan,Altima,2021,40731,131,Automatic,Electric,RWD,Pickup Truck,Blue,Beige,3,No accident,Private,Good,Base,4,10182.75,15529.93,Japan
Land Rover,Defender,2014,146221,448,Manual,Gasoline,RWD,SUV,Black,Beige,5,Major,Dealer,Good,Touring,11,13292.818181818182,20123.74,UK
Subaru,Impreza,2020,81011,121,Automatic,Gasoline,AWD,Sedan,Silver,Black,3,No accident,Private,Excellent,EX,5,16202.2,16759.74,Japan
Dodge,Challenger,2017,135940,212,Manual,Diesel,AWD,Coupe,Silver,Brown,2,Major,Dealer,Excellent,Sport,8,16992.5,12330.65,USA
Land Rover,Discovery,2015,209172,394,Manual,Electric,AWD,SUV,Blue,Beige,5,Minor,Private,Excellent,Limited,10,20917.2,24229.28,UK
GMC,Terrain,2014,107429,203,Manual,Diesel,RWD,Pickup Truck,Red,Brown,5,No accident,Dealer,Fair,Sport,11,9766.272727272728,13156.65,USA
GMC,Terrain,2015,225891,268,Manual,Electric,AWD,SUV,Blue,Gray,4,No accident,Dealer,Good,Sport,10,22589.1,10240.08,USA
Toyota,Highlander,2022,45410,139,Automatic,Gasoline,RWD,Sedan,White,Brown,1,No accident,Dealer,Good,Sport,3,15136.666666666666,21594.3,Japan
Nissan,Titan,2019,128346,118,Manual,Gasoline,FWD,Pickup Truck,Red,Brown,4,Minor,Private,Excellent,Sport,6,21391.0,9115.37,Japan
Acura,TLX,2021,89651,223,Automatic,Electric,AWD,Sedan,Silver,Brown,1,No accident,Dealer,Excellent,Sport,4,22412.75,29816.54,Japan
Audi,A6,2017,156935,254,Automatic,Diesel,RWD,SUV,White,Gray,4,No accident,Dealer,Good,LX,8,19616.875,24127.61,Germany
Hyundai,Tucson,2018,44216,119,Automatic,Diesel,AWD,Sedan,Blue,Black,5,Minor,Dealer,Excellent,LX,7,6316.571428571428,12274.3,South Korea
Audi,A6,2019,61390,247,Automatic,Electric,RWD,Coupe,Black,Beige,5,Minor,Private,Good,LX,6,10231.666666666666,29372.96,Germany
Volkswagen,Atlas,2021,60229,173,Automatic,Gasoline,AWD,Hatchback,White,Black,1,Minor,Dealer,Good,Touring,4,15057.25,18557.53,Germany
Lexus,ES,2024,12865,275,Automatic,Gasoline,FWD,SUV,Black,Brown,1,No accident,Dealer,Excellent,LX,1,12865.0,52623.87,Japan
Volvo,S60,2020,71079,318,Automatic,Electric,RWD,Sedan,Blue,Beige,2,No accident,Private,Good,Limited,5,14215.8,34685.42,Sweden
Kia,Optima,2020,132175,146,Manual,Gasoline,RWD,Sedan,Black,Brown,4,No accident,Dealer,Fair,Sport,5,26435.0,10563.51,South Korea
Nissan,Rogue,2014,241513,202,Automatic,Gasoline,AWD,Pickup Truck,Silver,Brown,5,Minor,Private,Excellent,Sport,11,21955.727272727272,1500.0,Japan
Chrysler,300,2015,143539,185,Manual,Gasoline,AWD,Minivan,Black,Black,5,No accident,Private,Good,Sport,10,14353.9,11059.94,USA
Hyundai,Santa Fe,2025,3380,94,Manual,Diesel,FWD,Sedan,Gray,Beige,1,No accident,Dealer,Good,Limited,1,3380.0,24009.71,South Korea
Hyundai,Elantra,2016,72543,112,Manual,Diesel,RWD,Sedan,Black,Beige,5,No accident,Dealer,Good,LX,9,8060.333333333333,9066.27,South Korea
Jeep,Grand Cherokee,2023,47167,240,Automatic,Gasoline,AWD,SUV,Black,Brown,2,No accident,Dealer,Excellent,Limited,2,23583.5,31457.14,USA
Ford,Escape,2016,69601,179,Manual,Diesel,FWD,SUV,Red,Gray,5,No accident,Dealer,Good,LX,9,7733.444444444444,13651.94,USA
Mazda,CX-5,2013,240841,182,Manual,Gasoline,RWD,Sedan,Red,Beige,5,Major,Dealer,Excellent,LX,12,20070.08333333333,1500.0,Japan
Volvo,V60,2013,248291,363,Automatic,Gasoline,AWD,SUV,Red,Beige,5,No accident,Dealer,Good,EX,12,20690.916666666668,12275.87,Sweden
Audi,Q5,2011,283951,301,Automatic,Gasoline,FWD,SUV,Blue,Black,5,No accident,Dealer,Good,Touring,14,20282.214285714286,7172.88,Germany
Nissan,Sentra,2022,41736,162,Automatic,Electric,FWD,Sedan,Black,Gray,1,No accident,Private,Fair,LX,3,13912.0,18396.85,Japan
Toyota,Corolla,2018,102518,125,Automatic,Gasoline,RWD,Sedan,Black,Beige,2,No accident,Private,Good,Touring,7,14645.42857142857,10878.95,Japan
Toyota,Tacoma,2018,117772,224,Manual,Diesel,FWD,SUV,Silver,Beige,5,No accident,Dealer,Excellent,Limited,7,16824.571428571428,13900.39,Japan
Acura,TLX,2018,86576,206,Automatic,Electric,AWD,Sedan,Red,Beige,4,No accident,Private,Excellent,Base,7,12368.0,25058.41,Japan
Audi,R8,2022,51708,295,Automatic,Diesel,RWD,Coupe,Silver,Gray,5,No accident,Dealer,Good,LX,3,17236.0,43136.13,Germany
Subaru,Impreza,2014,123916,179,Automatic,Electric,AWD,Sedan,Silver,Brown,2,No accident,Dealer,Excellent,LX,11,11265.09090909091,9093.27,Japan
Jeep,Wrangler,2017,178666,183,Manual,Gasoline,RWD,SUV,Red,Brown,3,No accident,Dealer,Good,Touring,8,22333.25,11297.35,USA
Acura,MDX,2021,54120,277,Automatic,Electric,FWD,SUV,Gray,Gray,1,Minor,Dealer,Excellent,Base,4,13530.0,33587.11,Japan
Land Rover,Discovery,2019,141881,422,Manual,Electric,RWD,SUV,Gray,Gray,1,No accident,Private,Excellent,EX,6,23646.83333333333,40619.26,UK
Volkswagen,Atlas,2014,128765,174,Manual,Electric,AWD,SUV,Red,Gray,5,No accident,Dealer,Fair,Touring,11,11705.90909090909,6854.09,Germany
Tesla,Model Y,2025,1813,343,Automatic,Electric,FWD,Sedan,Black,Brown,1,No accident,Private,Good,Limited,1,1813.0,59658.1,USA
Jeep,Grand Cherokee,2019,147735,230,Automatic,Gasoline,RWD,SUV,White,Black,3,No accident,Dealer,Excellent,Touring,6,24622.5,18004.86,USA
Toyota,Corolla,2021,17009,209,Automatic,Gasoline,RWD,Pickup Truck,Silver,Brown,1,No accident,Dealer,Good,EX,4,4252.25,22958.72,Japan
GMC,Acadia,2011,31890,204,Automatic,Diesel,AWD,Pickup Truck,Gray,Black,5,No accident,Dealer,Excellent,Base,14,2277.8571428571427,16045.27,USA
Kia,Sportage,2021,74180,111,Manual,Gasoline,RWD,SUV,Black,Black,2,No accident,Dealer,Excellent,LX,4,18545.0,16474.03,South Korea
Honda,Civic,2016,73572,198,Automatic,Electric,RWD,Minivan,Red,Beige,2,No accident,Dealer,Excellent,Touring,9,8174.666666666667,11906.4,Japan
Audi,Q7,2011,270201,267,Automatic,Gasoline,FWD,SUV,Gray,Gray,5,Minor,Dealer,Good,Sport,14,19300.071428571428,6220.78,Germany
Audi,Q7,2017,58730,293,Automatic,Diesel,FWD,SUV,Silver,Brown,4,No accident,Private,Excellent,Touring,8,7341.25,30303.58,Germany
Dodge,Charger,2016,216199,246,Manual,Diesel,AWD,SUV,Gray,Black,5,No accident,Private,Good,Sport,9,24022.11111111111,9539.56,USA
Subaru,Outback,2009,300000,161,Manual,Electric,AWD,SUV,Black,Brown,5,Minor,Dealer,Excellent,Base,16,18750.0,1500.0,Japan
Ram,3500,2019,4257,224,Manual,Gasoline,FWD,Pickup Truck,White,Brown,2,Minor,Dealer,Good,Sport,6,709.5,24190.42,USA
BMW,X5,2018,130607,241,Automatic,Diesel,AWD,SUV,Black,Gray,5,No accident,Private,Excellent,Limited,7,18658.14285714286,23713.07,Germany
Chevrolet,Camaro,2017,171293,191,Automatic,Diesel,RWD,Coupe,Red,Black,5,Minor,Dealer,Good,Touring,8,21411.625,9565.14,USA
Porsche,Macan,2016,147182,468,Manual,Diesel,AWD,Coupe,Black,Brown,4,No accident,Dealer,Good,LX,9,16353.555555555557,38553.8,Germany
Toyota,Highlander,2018,168602,174,Automatic,Diesel,FWD,Pickup Truck,Gray,Gray,1,No accident,Dealer,Good,LX,7,24086.0,9201.64,Japan
Chevrolet,Silverado,2018,88216,171,Manual,Gasoline,AWD,Coupe,Black,Beige,4,Minor,Dealer,Good,EX,7,12602.285714285714,14897.04,USA
Chevrolet,Malibu,2018,70736,242,Manual,Gasoline,AWD,Sedan,Silver,Beige,4,No accident,Private,Good,Touring,7,10105.142857142857,19296.76,USA
Land Rover,Defender,2014,280490,458,Automatic,Diesel,AWD,SUV,White,Beige,5,No accident,Dealer,Good,EX,11,25499.090909090908,21693.43,UK
Jeep,Compass,2015,164292,171,Automatic,Diesel,FWD,SUV,Silver,Brown,4,Minor,Private,Good,Touring,10,16429.2,8310.08,USA
BMW,X5,2013,200639,273,Automatic,Gasoline,RWD,SUV,White,Brown,4,Minor,Dealer,Fair,Sport,12,16719.916666666668,10434.09,Germany
Volkswagen,Tiguan,2023,2084,159,Manual,Gasoline,AWD,Hatchback,Silver,Beige,5,Minor,Dealer,Good,LX,2,1042.0,23085.23,Germany
Audi,R8,2011,157731,299,Automatic,Gasoline,FWD,Sedan,Gray,Gray,4,No accident,Dealer,Good,Touring,14,11266.5,13777.42,Germany
Volvo,XC90,2013,300000,292,Automatic,Gasoline,FWD,Sedan,Silver,Brown,4,No accident,Private,Fair,Base,12,25000.0,7315.02,Sweden
Kia,Forte,2018,175156,90,Automatic,Electric,RWD,Sedan,Black,Gray,2,No accident,Dealer,Good,EX,7,25022.285714285717,5687.26,South Korea
Kia,Forte,2016,191074,180,Manual,Gasoline,AWD,SUV,Black,Beige,4,No accident,Dealer,Fair,EX,9,21230.444444444445,4606.33,South Korea
Dodge,Durango,2013,198618,223,Manual,Diesel,FWD,SUV,Red,Gray,4,Minor,Dealer,Excellent,Touring,12,16551.5,5979.2,USA
BMW,X3,2017,173700,296,Automatic,Diesel,AWD,SUV,Gray,Beige,3,No accident,Dealer,Good,EX,8,21712.5,19811.09,Germany
Land Rover,Range Rover,2017,106808,375,Manual,Electric,RWD,SUV,Gray,Brown,5,No accident,Private,Good,Touring,8,13351.0,30937.78,UK
Hyundai,Sonata,2015,156825,158,Automatic,Electric,AWD,SUV,Black,Black,5,Minor,Private,Good,EX,10,15682.5,4202.58,South Korea
Toyota,Tacoma,2019,88882,180,Automatic,Diesel,RWD,Sedan,Gray,Black,4,No accident,Dealer,Excellent,Touring,6,14813.666666666666,15348.59,Japan
Hyundai,Tucson,2020,70451,90,Manual,Diesel,RWD,Sedan,White,Gray,4,No accident,Dealer,Excellent,LX,5,14090.2,14251.15,South Korea
Cadillac,Lyriq,2017,120245,341,Automatic,Gasoline,RWD,Sedan,Red,Beige,5,No accident,Private,Fair,Base,8,15030.625,22863.46,USA
Honda,Odyssey,2007,300000,104,Automatic,Gasoline,RWD,SUV,Red,Beige,5,No accident,Private,Excellent,EX,18,16666.666666666668,1500.0,Japan
Volkswagen,Golf,2019,38522,129,Manual,Gasoline,AWD,Sedan,White,Brown,3,Minor,Dealer,Fair,Sport,6,6420.333333333333,13362.8,Germany
Ford,Escape,2019,143200,185,Automatic,Gasoline,AWD,Pickup Truck,Blue,Black,5,No accident,Dealer,Good,Base,6,23866.666666666668,14353.06,USA
GMC,Yukon,2022,45614,204,Automatic,Electric,FWD,SUV,White,Brown,1,No accident,Dealer,Good,Sport,3,15204.666666666666,32376.46,USA
Jeep,Grand Cherokee,2020,103553,179,Manual,Electric,RWD,SUV,Silver,Beige,2,No accident,Private,Good,EX,5,20710.6,19326.59,USA
Ram,3500,2018,161895,201,Manual,Diesel,AWD,Pickup Truck,Red,Brown,5,Minor,Private,Fair,Sport,7,23127.85714285714,11503.52,USA
Dodge,Durango,2024,24000,170,Manual,Electric,AWD,Sedan,Red,Black,1,No accident,Private,Excellent,Base,1,24000.0,32371.24,USA
Honda,Pilot,2010,195121,145,Automatic,Diesel,RWD,Minivan,Black,Brown,5,No accident,Private,Good,EX,15,13008.066666666668,1500.0,Japan
Audi,A6,2013,65154,286,Automatic,Electric,AWD,SUV,Black,Brown,5,No accident,Dealer,Excellent,Sport,12,5429.5,21404.58,Germany
Ram,2500,2021,67277,213,Automatic,Gasoline,FWD,Pickup Truck,Blue,Gray,2,No accident,Dealer,Excellent,Touring,4,16819.25,27760.78,USA
Ford,Escape,2025,4792,175,Manual,Electric,RWD,Pickup Truck,Silver,Gray,1,No accident,Dealer,Excellent,Base,1,4792.0,34031.36,USA
GMC,Sierra,2019,187170,160,Automatic,Gasoline,AWD,SUV,Gray,Brown,5,No accident,Private,Excellent,Sport,6,31195.0,16027.75,USA
Cadillac,XT5,2014,185659,301,Manual,Diesel,RWD,Sedan,Gray,Brown,5,No accident,Private,Good,Touring,11,16878.090909090908,17617.7,USA
Hyundai,Tucson,2021,29893,90,Manual,Electric,AWD,SUV,Black,Gray,3,No accident,Dealer,Good,Base,4,7473.25,15810.87,South Korea
Hyundai,Tucson,2025,1051,132,Manual,Diesel,FWD,Sedan,Silver,Brown,3,No accident,Dealer,Excellent,Limited,1,1051.0,26065.76,South Korea
Hyundai,Tucson,2020,46993,149,Manual,Diesel,AWD,Sedan,Silver,Gray,2,Minor,Dealer,Excellent,Touring,5,9398.6,15134.68,South Korea
Kia,Sportage,2019,115156,132,Automatic,Diesel,FWD,Sedan,White,Brown,1,Minor,Private,Good,Limited,6,19192.666666666668,9441.84,South Korea
Volkswagen,Golf,2017,112110,183,Manual,Diesel,FWD,SUV,White,Brown,3,Minor,Dealer,Excellent,Base,8,14013.75,11649.54,Germany
Audi,A6,2015,165713,304,Manual,Gasoline,AWD,SUV,Silver,Black,2,Minor,Private,Good,LX,10,16571.3,17617.72,Germany
Tesla,Model S,2022,49451,338,Automatic,Electric,AWD,Sedan,Red,Beige,1,No accident,Private,Good,LX,3,16483.666666666668,48322.8,USA
GMC,Sierra,2014,270392,198,Automatic,Gasoline,RWD,Pickup Truck,White,Gray,5,No accident,Private,Good,Sport,11,24581.090909090908,4789.34,USA
Land Rover,Defender,2020,43802,436,Automatic,Gasoline,RWD,SUV,Black,Brown,2,No accident,Private,Excellent,Base,5,8760.4,53795.22,UK
Chrysler,Pacifica,2009,300000,183,Automatic,Gasoline,AWD,Sedan,Blue,Brown,5,No accident,Dealer,Good,EX,16,18750.0,1500.0,USA
Mazda,CX-9,2022,61455,145,Automatic,Electric,AWD,SUV,White,Gray,1,No accident,Private,Fair,Base,3,20485.0,18143.43,Japan
BMW,X3,2014,152602,301,Automatic,Diesel,AWD,Sedan,Silver,Beige,5,Major,Dealer,Good,LX,11,13872.90909090909,12842.91,Germany
Kia,Forte,2014,254586,169,Automatic,Gasoline,AWD,Sedan,Black,Beige,5,Minor,Private,Fair,EX,11,23144.18181818182,1500.0,South Korea
GMC,Acadia,2018,28643,224,Automatic,Gasoline,AWD,SUV,Black,Beige,5,No accident,Dealer,Excellent,LX,7,4091.857142857143,23763.79,USA
Mazda,CX-5,2019,63338,173,Manual,Electric,RWD,Sedan,Gray,Brown,5,No accident,Dealer,Good,Sport,6,10556.333333333334,14625.69,Japan
Chevrolet,Silverado,2017,152639,175,Automatic,Diesel,FWD,Coupe,Gray,Brown,3,No accident,Dealer,Good,Base,8,19079.875,10837.36,USA
Dodge,Challenger,2012,159859,212,Manual,Gasoline,FWD,Coupe,Silver,Brown,5,Minor,Dealer,Good,Limited,13,12296.846153846154,6056.42,USA
Honda,Accord,2012,120142,141,Manual,Diesel,RWD,SUV,Blue,Black,5,No accident,Dealer,Good,Sport,13,9241.692307692309,4765.24,Japan
Honda,CR-V,2019,76173,145,Manual,Diesel,AWD,Minivan,Red,Brown,3,Minor,Dealer,Excellent,LX,6,12695.5,14580.06,Japan
Volkswagen,Atlas,2016,125259,187,Automatic,Diesel,AWD,Hatchback,Blue,Brown,5,No accident,Dealer,Good,Sport,9,13917.666666666666,9717.34,Germany
GMC,Acadia,2020,103964,207,Manual,Electric,FWD,Pickup Truck,White,Brown,2,No accident,Private,Excellent,Limited,5,20792.8,25169.17,USA
Land Rover,Discovery,2018,89125,424,Manual,Diesel,FWD,SUV,Black,Brown,1,Minor,Dealer,Good,Sport,7,12732.142857142857,37392.16,UK
Mercedes-Benz,S-Class,2014,122506,302,Automatic,Electric,RWD,Coupe,Gray,Black,5,No accident,Private,Good,Touring,11,11136.90909090909,20752.63,Germany
Mercedes-Benz,E-Class,2020,28467,363,Automatic,Electric,FWD,Coupe,White,Black,4,No accident,Dealer,Excellent,Limited,5,5693.4,42470.72,Germany
Kia,Sportage,2024,4928,106,Automatic,Gasoline,FWD,SUV,Blue,Brown,4,No accident,Dealer,Excellent,EX,1,4928.0,23646.76,South Korea
Tesla,Model S,2025,6717,338,Automatic,Electric,FWD,Sedan,Red,Beige,2,No accident,Dealer,Good,Sport,1,6717.0,56628.95,USA
Volkswagen,Golf,2015,138615,161,Manual,Diesel,AWD,Sedan,Silver,Beige,4,No accident,Dealer,Excellent,Touring,10,13861.5,9012.67,Germany
Toyota,Highlander,2019,114269,131,Automatic,Diesel,AWD,Sedan,White,Black,3,Minor,Private,Good,Base,6,19044.83333333333,10586.47,Japan
Land Rover,Defender,2017,108573,392,Manual,Diesel,FWD,SUV,Gray,Black,3,No accident,Dealer,Excellent,Touring,8,13571.625,36748.36,UK
Hyundai,Elantra,2020,75175,90,Manual,Diesel,FWD,Sedan,Red,Gray,1,No accident,Dealer,Excellent,LX,5,15035.0,13350.32,South Korea
Volvo,XC60,2008,300000,286,Automatic,Gasoline,AWD,Wagon,Red,Brown,5,Major,Private,Excellent,LX,17,17647.058823529413,1678.54,Sweden
Dodge,Challenger,2013,185984,182,Manual,Electric,FWD,Sedan,Black,Gray,5,No accident,Dealer,Excellent,Limited,12,15498.666666666666,6384.16,USA
BMW,M3,2018,156648,271,Automatic,Diesel,AWD,Coupe,Gray,Brown,4,No accident,Dealer,Excellent,LX,7,22378.285714285717,25926.22,Germany
Jeep,Compass,2017,114691,154,Manual,Diesel,RWD,SUV,Blue,Beige,5,No accident,Dealer,Excellent,Limited,8,14336.375,14954.93,USA
Toyota,Camry,2016,185809,134,Manual,Diesel,RWD,SUV,Red,Brown,4,Minor,Private,Good,LX,9,20645.444444444445,4451.93,Japan
Volkswagen,Passat,2019,102081,162,Automatic,Electric,FWD,Sedan,Blue,Gray,5,No accident,Private,Excellent,LX,6,17013.5,14606.85,Germany
Porsche,Cayenne,2022,21005,448,Automatic,Gasoline,FWD,Sedan,Blue,Brown,1,No accident,Dealer,Good,EX,3,7001.666666666667,70500.74,Germany
GMC,Terrain,2019,132216,251,Automatic,Gasoline,FWD,SUV,Silver,Brown,2,No accident,Dealer,Excellent,Limited,6,22036.0,23624.8,USA
Dodge,Charger,2020,71276,204,Automatic,Diesel,RWD,Sedan,Red,Gray,1,No accident,Dealer,Excellent,Touring,5,14255.2,21398.78,USA
Ford,Mustang,2017,70168,218,Manual,Gasoline,AWD,Sedan,Red,Gray,2,No accident,Dealer,Excellent,Base,8,8771.0,16808.84,USA
GMC,Sierra,2017,85564,227,Automatic,Gasoline,AWD,Pickup Truck,Gray,Brown,5,No accident,Private,Excellent,Base,8,10695.5,19109.66,USA
GMC,Sierra,2014,124926,208,Manual,Gasoline,AWD,SUV,Black,Brown,5,No accident,Dealer,Good,Base,11,11356.90909090909,13496.85,USA
GMC,Acadia,2008,300000,204,Automatic,Electric,FWD,SUV,Gray,Beige,5,Minor,Dealer,Excellent,Touring,17,17647.058823529413,1500.0,USA
Mercedes-Benz,S-Class,2014,156337,340,Manual,Electric,RWD,SUV,Red,Brown,5,No accident,Dealer,Good,Touring,11,14212.454545454546,19818.89,Germany
Cadillac,XT5,2015,135565,381,Manual,Diesel,RWD,SUV,Silver,Gray,4,No accident,Dealer,Fair,Limited,10,13556.5,21998.82,USA
Toyota,Highlander,2019,106990,167,Manual,Gasoline,RWD,Pickup Truck,Silver,Beige,3,No accident,Dealer,Excellent,LX,6,17831.666666666668,14397.41,Japan
Mazda,Mazda6,2025,3432,161,Automatic,Gasoline,FWD,Sedan,Red,Gray,1,No accident,Dealer,Good,Limited,1,3432.0,25719.33,Japan
Jeep,Grand Cherokee,2012,231481,228,Automatic,Electric,FWD,SUV,Blue,Gray,5,No accident,Dealer,Good,Limited,13,17806.23076923077,4030.97,USA
Volkswagen,Atlas,2021,61554,125,Automatic,Electric,RWD,Sedan,Blue,Gray,1,Minor,Dealer,Good,EX,4,15388.5,18101.38,Germany
Toyota,Highlander,2021,48042,205,Automatic,Electric,FWD,SUV,White,Gray,1,No accident,Private,Excellent,LX,4,12010.5,21493.8,Japan
Honda,Civic,2024,14033,130,Automatic,Electric,FWD,SUV,Blue,Black,1,Minor,Private,Good,LX,1,14033.0,22584.73,Japan
Volvo,S60,2019,46601,287,Manual,Gasoline,RWD,Sedan,Red,Beige,3,Minor,Private,Good,EX,6,7766.833333333333,27799.97,Sweden
Porsche,Cayenne,2012,243529,476,Automatic,Diesel,FWD,Sedan,White,Beige,5,No accident,Dealer,Good,Base,13,18733.0,22948.23,Germany
Nissan,Altima,2022,58818,100,Manual,Electric,FWD,Pickup Truck,Silver,Black,1,No accident,Dealer,Fair,LX,3,19606.0,16206.01,Japan
Nissan,Titan,2022,42131,118,Automatic,Electric,FWD,Sedan,Silver,Beige,2,No accident,Private,Good,Touring,3,14043.666666666666,17127.23,Japan
Mazda,Mazda3,2016,218791,134,Automatic,Gasoline,FWD,SUV,Silver,Beige,2,No accident,Dealer,Excellent,LX,9,24310.11111111111,3776.66,Japan
Mercedes-Benz,C-Class,2015,185664,309,Automatic,Electric,FWD,Coupe,Black,Gray,4,No accident,Dealer,Good,Touring,10,18566.4,17927.58,Germany
Hyundai,Sonata,2021,44367,173,Manual,Diesel,AWD,SUV,Gray,Black,2,No accident,Dealer,Fair,Base,4,11091.75,15407.42,South Korea
Dodge,Charger,2016,152014,177,Manual,Diesel,RWD,Sedan,Blue,Black,5,No accident,Private,Excellent,Touring,9,16890.444444444445,10665.04,USA
Tesla,Model S,2019,59994,345,Automatic,Electric,AWD,SUV,White,Black,5,No accident,Dealer,Excellent,Touring,6,9999.0,40773.21,USA
Land Rover,Range Rover,2016,77927,433,Manual,Gasoline,AWD,SUV,Silver,Gray,5,Minor,Private,Good,EX,9,8658.555555555555,30747.37,UK
Ford,Mustang,2019,91108,152,Automatic,Diesel,AWD,Pickup Truck,Silver,Brown,4,Minor,Dealer,Good,LX,6,15184.666666666666,13980.38,USA
Subaru,Impreza,2006,300000,198,Automatic,Electric,AWD,Sedan,White,Beige,5,No accident,Private,Excellent,EX,19,15789.473684210529,1500.0,Japan
Nissan,Rogue,2020,77364,94,Manual,Electric,RWD,Pickup Truck,Red,Black,3,Minor,Dealer,Excellent,EX,5,15472.8,12131.42,Japan
Volkswagen,Tiguan,2015,238483,192,Manual,Diesel,RWD,Hatchback,Black,Brown,5,Minor,Private,Excellent,LX,10,23848.3,2931.64,Germany
BMW,M3,2020,50672,332,Manual,Electric,RWD,SUV,Gray,Gray,5,Minor,Private,Good,Limited,5,10134.4,26520.68,Germany
Audi,Q7,2021,52005,327,Automatic,Electric,AWD,Sedan,Gray,Gray,4,No accident,Private,Good,Base,4,13001.25,41968.59,Germany
Lexus,GX,2018,101279,294,Automatic,Electric,AWD,Sedan,Gray,Beige,3,No accident,Dealer,Excellent,Sport,7,14468.42857142857,27358.94,Japan
Kia,Sportage,2015,29480,132,Automatic,Diesel,FWD,SUV,Black,Beige,5,No accident,Dealer,Fair,Limited,10,2948.0,9783.67,South Korea
Nissan,Titan,2021,67977,138,Automatic,Electric,RWD,SUV,Gray,Brown,2,Minor,Private,Good,EX,4,16994.25,13547.04,Japan
Mazda,CX-5,2016,104160,148,Manual,Diesel,RWD,Hatchback,White,Brown,5,Minor,Private,Good,LX,9,11573.333333333334,8220.75,Japan
Acura,MDX,2025,2897,331,Manual,Gasoline,FWD,Sedan,Gray,Gray,1,No accident,Dealer,Excellent,LX,1,2897.0,50319.67,Japan
Hyundai,Tucson,2019,81911,136,Manual,Gasoline,AWD,Sedan,White,Beige,2,No accident,Dealer,Excellent,Limited,6,13651.833333333334,13394.1,South Korea
Mercedes-Benz,E-Class,2021,52910,330,Automatic,Electric,FWD,SUV,Red,Beige,3,No accident,Private,Excellent,Limited,4,13227.5,40110.18,Germany
Hyundai,Sonata,2014,129393,101,Manual,Diesel,FWD,SUV,Blue,Black,5,No accident,Dealer,Good,Touring,11,11763.0,4851.03,South Korea
Nissan,Titan,2009,300000,157,Manual,Gasoline,FWD,Sedan,Blue,Brown,5,No accident,Dealer,Excellent,Limited,16,18750.0,1500.0,Japan
Toyota,Highlander,2014,150843,148,Automatic,Gasoline,RWD,Sedan,Red,Beige,3,No accident,Private,Excellent,Sport,11,13713.0,5400.48,Japan
Mercedes-Benz,S-Class,2015,103290,247,Automatic,Electric,FWD,Sedan,Black,Black,5,No accident,Dealer,Good,Sport,10,10329.0,22025.11,Germany
Ram,2500,2017,100853,237,Automatic,Electric,FWD,Pickup Truck,Gray,Brown,5,No accident,Dealer,Good,Sport,8,12606.625,15969.33,USA
Audi,R8,2015,55307,289,Manual,Electric,AWD,SUV,Black,Beige,5,No accident,Dealer,Good,EX,10,5530.7,24875.02,Germany
Chevrolet,Silverado,2017,81229,218,Manual,Diesel,AWD,Coupe,Red,Beige,5,Minor,Dealer,Excellent,Touring,8,10153.625,16046.16,USA
Land Rover,Range Rover,2014,144048,416,Manual,Gasoline,AWD,SUV,Gray,Beige,5,No accident,Private,Excellent,Touring,11,13095.272727272728,29050.2,UK
Mercedes-Benz,E-Class,2019,65942,325,Automatic,Diesel,AWD,Coupe,Silver,Gray,1,Minor,Dealer,Good,Sport,6,10990.333333333334,31408.24,Germany
Tesla,Model X,2021,103249,333,Automatic,Electric,RWD,Sedan,Silver,Beige,1,Minor,Dealer,Good,Base,4,25812.25,38089.13,USA
Chrysler,300,2013,161699,229,Automatic,Diesel,FWD,Sedan,Black,Beige,5,Minor,Dealer,Good,Touring,12,13474.916666666666,8510.51,USA
Toyota,Highlander,2021,90866,153,Manual,Electric,AWD,Pickup Truck,Silver,Beige,3,Minor,Private,Good,LX,4,22716.5,15286.27,Japan
Ford,Escape,2019,31549,239,Automatic,Electric,FWD,Pickup Truck,Gray,Brown,2,No accident,Dealer,Good,Sport,6,5258.166666666667,23972.52,USA
Volvo,V60,2024,17831,304,Automatic,Diesel,AWD,Sedan,Red,Brown,3,No accident,Dealer,Excellent,Sport,1,17831.0,48395.57,Sweden
Chrysler,300,2015,156512,145,Manual,Electric,AWD,Sedan,Red,Beige,1,Minor,Private,Good,Touring,10,15651.2,9014.79,USA
Jeep,Grand Cherokee,2021,75350,152,Manual,Gasoline,RWD,SUV,Red,Gray,2,No accident,Dealer,Excellent,Sport,4,18837.5,24516.44,USA
Hyundai,Santa Fe,2017,163139,136,Manual,Diesel,AWD,Sedan,White,Black,5,No accident,Private,Good,Limited,8,20392.375,6005.65,South Korea
Jeep,Compass,2016,111662,199,Manual,Electric,FWD,SUV,Black,Gray,1,No accident,Dealer,Good,Touring,9,12406.888888888889,14013.44,USA
Volkswagen,Jetta,2012,161393,125,Manual,Diesel,FWD,Hatchback,Black,Brown,5,No accident,Dealer,Good,Limited,13,12414.846153846154,3479.48,Germany
Dodge,Challenger,2021,96354,172,Automatic,Diesel,RWD,Coupe,Black,Gray,1,No accident,Private,Fair,EX,4,24088.5,16925.33,USA
Chrysler,Pacifica,2016,211888,220,Manual,Diesel,AWD,Sedan,Black,Beige,5,No accident,Private,Good,Base,9,23543.11111111111,9867.53,USA
Lexus,ES,2015,174771,266,Automatic,Gasoline,RWD,SUV,Blue,Beige,5,No accident,Dealer,Good,Base,10,17477.1,15743.88,Japan
BMW,X3,2023,9600,263,Manual,Gasoline,AWD,Coupe,Blue,Beige,1,No accident,Dealer,Good,EX,2,4800.0,49105.94,Germany
Volvo,V60,2015,54589,328,Manual,Gasoline,FWD,SUV,Blue,Brown,1,No accident,Dealer,Good,Limited,10,5458.9,26734.95,Sweden
Chrysler,300,2025,2700,248,Automatic,Diesel,AWD,Sedan,Gray,Gray,1,No accident,Dealer,Excellent,EX,1,2700.0,35791.21,USA
Ram,3500,2019,108168,221,Automatic,Diesel,FWD,Pickup Truck,Silver,Black,2,No accident,Dealer,Excellent,EX,6,18028.0,22367.21,USA
Mercedes-Benz,GLE,2015,149210,348,Manual,Diesel,AWD,Sedan,Gray,Gray,5,No accident,Dealer,Excellent,Touring,10,14921.0,24224.85,Germany
Dodge,Challenger,2017,174062,196,Automatic,Electric,RWD,SUV,Silver,Gray,4,No accident,Dealer,Good,Touring,8,21757.75,10948.08,USA
Acura,MDX,2020,99181,303,Automatic,Gasoline,AWD,SUV,Black,Brown,3,No accident,Private,Excellent,LX,5,19836.2,26326.42,Japan
Mazda,Mazda3,2016,240352,139,Manual,Diesel,FWD,Hatchback,Gray,Brown,3,No accident,Dealer,Excellent,Sport,9,26705.777777777777,2363.17,Japan
Subaru,Outback,2011,145602,159,Automatic,Gasoline,AWD,SUV,Black,Black,5,No accident,Dealer,Good,Touring,14,10400.142857142857,4592.55,Japan
Cadillac,Escalade,2019,87056,316,Automatic,Diesel,FWD,SUV,Black,Gray,2,No accident,Dealer,Good,LX,6,14509.333333333334,32790.08,USA
Tesla,Model X,2021,33457,338,Automatic,Electric,RWD,SUV,Silver,Brown,2,No accident,Dealer,Good,Sport,4,8364.25,41198.72,USA
Honda,Accord,2025,8223,106,Manual,Diesel,AWD,Minivan,Blue,Brown,1,No accident,Private,Excellent,Base,1,8223.0,25529.07,Japan
Ram,1500,2012,106954,237,Manual,Diesel,AWD,Pickup Truck,Black,Gray,4,No accident,Dealer,Good,Limited,13,8227.23076923077,11851.05,USA
BMW,5 Series,2008,300000,228,Automatic,Gasoline,AWD,Sedan,Black,Beige,5,Minor,Dealer,Fair,LX,17,17647.058823529413,1500.0,Germany
Hyundai,Elantra,2019,73041,90,Manual,Diesel,AWD,SUV,White,Brown,3,No accident,Dealer,Fair,LX,6,12173.5,10754.85,South Korea
Honda,Civic,2025,571,133,Manual,Diesel,FWD,Sedan,Gray,Brown,1,No accident,Dealer,Good,Limited,1,571.0,26578.29,Japan
Kia,Telluride,2018,114878,113,Automatic,Electric,RWD,Sedan,Silver,Brown,4,No accident,Dealer,Excellent,LX,7,16411.14285714286,9628.78,South Korea
Porsche,Macan,2020,65648,456,Automatic,Diesel,FWD,Sedan,Silver,Brown,4,No accident,Private,Good,Touring,5,13129.6,48438.65,Germany
Land Rover,Range Rover,2019,91958,404,Automatic,Electric,AWD,SUV,White,Beige,5,No accident,Dealer,Good,LX,6,15326.333333333334,45024.37,UK
Volkswagen,Atlas,2016,140758,145,Manual,Gasoline,FWD,Hatchback,Gray,Brown,1,No accident,Dealer,Good,Sport,9,15639.777777777776,9127.12,Germany
GMC,Sierra,2011,104555,233,Manual,Electric,RWD,Pickup Truck,White,Beige,5,No accident,Dealer,Excellent,EX,14,7468.214285714285,11544.95,USA
Nissan,Altima,2021,31521,177,Automatic,Gasoline,AWD,Pickup Truck,Black,Beige,5,No accident,Private,Good,LX,4,7880.25,18648.78,Japan
Nissan,Sentra,2023,14284,130,Manual,Gasoline,FWD,Sedan,White,Black,2,Minor,Dealer,Excellent,Limited,2,7142.0,19020.54,Japan
Jeep,Grand Cherokee,2021,106922,188,Automatic,Diesel,AWD,SUV,White,Gray,5,No accident,Private,Excellent,Sport,4,26730.5,21689.49,USA
BMW,X3,2021,53340,292,Automatic,Diesel,AWD,Sedan,White,Gray,1,No accident,Private,Good,Limited,4,13335.0,35710.86,Germany
Toyota,Corolla,2016,139446,148,Automatic,Gasoline,RWD,Sedan,Blue,Black,5,No accident,Private,Excellent,Limited,9,15494.0,8615.8,Japan
Nissan,Rogue,2014,223200,154,Manual,Gasoline,FWD,SUV,Silver,Gray,4,No accident,Dealer,Good,Touring,11,20290.90909090909,1500.0,Japan
Nissan,Rogue,2014,300000,117,Manual,Diesel,FWD,SUV,Red,Gray,5,No accident,Dealer,Excellent,EX,11,27272.727272727272,1500.0,Japan
Nissan,Pathfinder,2016,112795,137,Manual,Gasoline,FWD,Pickup Truck,Gray,Black,3,Major,Dealer,Good,Limited,9,12532.777777777776,6609.06,Japan
Subaru,Forester,2025,1674,184,Manual,Electric,AWD,Sedan,Silver,Beige,1,No accident,Dealer,Good,Sport,1,1674.0,30036.12,Japan
Ford,F-150,2014,92399,194,Manual,Diesel,AWD,Coupe,White,Beige,4,No accident,Private,Good,EX,11,8399.90909090909,10791.22,USA
Jeep,Cherokee,2016,129346,180,Automatic,Electric,FWD,SUV,Black,Black,5,No accident,Dealer,Excellent,Limited,9,14371.777777777776,13100.01,USA
BMW,5 Series,2016,180093,248,Manual,Gasoline,AWD,Coupe,Red,Brown,3,No accident,Dealer,Excellent,Limited,9,20010.33333333333,19266.62,Germany
Land Rover,Defender,2016,138424,417,Manual,Gasoline,RWD,SUV,Blue,Black,5,No accident,Dealer,Excellent,LX,9,15380.444444444443,34116.63,UK
Volkswagen,Atlas,2022,39323,205,Manual,Electric,RWD,Sedan,Blue,Black,3,Minor,Dealer,Good,LX,3,13107.666666666666,22029.58,Germany
Dodge,Challenger,2025,13558,173,Automatic,Gasoline,AWD,Sedan,White,Beige,1,No accident,Dealer,Excellent,EX,1,13558.0,35355.23,USA
Mazda,CX-9,2019,74117,169,Automatic,Electric,FWD,Hatchback,Gray,Gray,3,No accident,Dealer,Good,Base,6,12352.833333333334,15224.47,Japan
Ford,Explorer,2014,155091,226,Automatic,Diesel,AWD,Coupe,Gray,Brown,5,No accident,Dealer,Good,Base,11,14099.181818181818,9373.59,USA
Kia,Optima,2008,166279,112,Manual,Diesel,FWD,SUV,White,Gray,5,No accident,Private,Good,EX,17,9781.117647058823,1500.0,South Korea
Kia,Forte,2012,236172,144,Manual,Gasoline,AWD,Sedan,Blue,Brown,5,No accident,Dealer,Fair,EX,13,18167.07692307692,1500.0,South Korea
Dodge,Challenger,2013,263390,125,Automatic,Gasoline,FWD,Sedan,Silver,Brown,5,No accident,Dealer,Good,Base,12,21949.166666666668,1500.0,USA
Kia,Sorento,2009,232817,131,Automatic,Gasoline,FWD,Sedan,Gray,Beige,5,Minor,Private,Fair,EX,16,14551.0625,1500.0,South Korea
Toyota,Highlander,2017,60130,161,Manual,Diesel,RWD,Pickup Truck,White,Black,1,No accident,Private,Good,Limited,8,7516.25,12765.72,Japan
Mazda,Mazda3,2021,29148,176,Automatic,Diesel,RWD,Hatchback,White,Beige,2,No accident,Dealer,Good,LX,4,7287.0,20808.64,Japan
Mazda,Mazda6,2008,257721,162,Manual,Diesel,FWD,Hatchback,Blue,Brown,5,No accident,Dealer,Excellent,Base,17,15160.058823529413,1500.0,Japan
Toyota,Corolla,2022,42245,175,Manual,Electric,AWD,Sedan,Black,Gray,2,No accident,Dealer,Good,Sport,3,14081.666666666666,19897.1,Japan
Honda,Accord,2010,161830,114,Manual,Diesel,AWD,Sedan,White,Brown,5,Minor,Dealer,Good,Base,15,10788.666666666666,1500.0,Japan
Land Rover,Discovery,2020,64808,437,Automatic,Diesel,RWD,SUV,Red,Black,1,No accident,Dealer,Excellent,Base,5,12961.6,53270.45,UK
Tesla,Model X,2025,4253,330,Automatic,Electric,FWD,Sedan,Silver,Brown,1,No accident,Dealer,Excellent,Base,1,4253.0,63626.57,USA
Acura,RDX,2013,185123,325,Automatic,Electric,FWD,SUV,Black,Black,5,No accident,Dealer,Good,Base,12,15426.916666666666,13298.3,Japan
Chrysler,Pacifica,2013,267173,267,Automatic,Electric,FWD,Minivan,Gray,Beige,5,No accident,Dealer,Good,Limited,12,22264.416666666668,4513.95,USA
Kia,Sorento,2021,62007,114,Manual,Diesel,FWD,SUV,Silver,Beige,4,No accident,Dealer,Excellent,Touring,4,15501.75,17032.05,South Korea
Jeep,Compass,2019,47059,206,Automatic,Electric,AWD,SUV,Blue,Gray,2,Minor,Dealer,Good,LX,6,7843.166666666667,20847.84,USA
Dodge,Durango,2022,22635,228,Manual,Diesel,RWD,SUV,White,Gray,4,Minor,Dealer,Excellent,Touring,3,7545.0,29069.62,USA
Chrysler,300,2012,173463,213,Manual,Electric,FWD,Minivan,Red,Gray,5,No accident,Dealer,Good,Touring,13,13343.307692307691,7363.61,USA
Chrysler,300,2016,118049,221,Manual,Diesel,AWD,Sedan,Gray,Brown,3,No accident,Dealer,Excellent,Limited,9,13116.555555555557,16223.81,USA
GMC,Terrain,2022,57560,240,Manual,Gasoline,FWD,SUV,Blue,Brown,1,No accident,Dealer,Excellent,Touring,3,19186.666666666668,33009.88,USA
Kia,Optima,2011,201388,186,Manual,Diesel,AWD,Sedan,Gray,Brown,5,No accident,Private,Excellent,LX,14,14384.857142857143,1500.0,South Korea
Land Rover,Discovery,2016,172038,435,Automatic,Electric,FWD,SUV,Black,Beige,2,No accident,Private,Good,Base,9,19115.33333333333,29188.76,UK
Audi,Q5,2016,213267,316,Manual,Electric,AWD,Coupe,Silver,Brown,5,No accident,Private,Excellent,Limited,9,23696.33333333333,18653.68,Germany
Hyundai,Sonata,2019,96298,141,Automatic,Gasoline,FWD,SUV,Black,Brown,5,No accident,Dealer,Good,Limited,6,16049.666666666666,12091.26,South Korea
Hyundai,Elantra,2019,76203,152,Manual,Electric,AWD,Sedan,Gray,Beige,2,Minor,Dealer,Excellent,EX,6,12700.5,12142.21,South Korea
BMW,X5,2020,100492,303,Automatic,Diesel,RWD,SUV,Black,Black,3,No accident,Private,Good,EX,5,20098.4,30673.53,Germany
Mercedes-Benz,GLE,2011,91313,346,Automatic,Diesel,RWD,SUV,White,Gray,5,No accident,Dealer,Fair,LX,14,6522.357142857143,18506.37,Germany
Tesla,Model 3,2016,129620,315,Automatic,Electric,FWD,SUV,Red,Brown,5,Minor,Private,Good,EX,9,14402.222222222224,22938.74,USA
Dodge,Durango,2016,183730,195,Automatic,Gasoline,AWD,Coupe,Silver,Gray,5,Minor,Private,Excellent,LX,9,20414.444444444445,7697.73,USA
Chevrolet,Malibu,2012,81512,173,Automatic,Electric,FWD,Pickup Truck,Red,Gray,5,No accident,Private,Excellent,LX,13,6270.153846153846,10209.91,USA
Mazda,CX-9,2016,147231,157,Automatic,Diesel,FWD,SUV,Black,Black,2,No accident,Dealer,Good,Sport,9,16359.0,8371.53,Japan
Lexus,IS,2010,193037,251,Automatic,Gasoline,FWD,SUV,White,Brown,5,No accident,Dealer,Excellent,Base,15,12869.133333333331,7578.65,Japan
Hyundai,Elantra,2018,103057,125,Automatic,Gasoline,RWD,Sedan,Black,Beige,5,No accident,Dealer,Excellent,Limited,7,14722.42857142857,10832.21,South Korea
Chevrolet,Camaro,2011,92695,241,Automatic,Diesel,FWD,SUV,White,Brown,5,No accident,Dealer,Good,EX,14,6621.071428571428,10726.56,USA
Nissan,Altima,2021,52992,192,Automatic,Diesel,RWD,Sedan,Blue,Brown,2,No accident,Private,Excellent,LX,4,13248.0,18552.88,Japan
Jeep,Wrangler,2025,4036,228,Automatic,Electric,RWD,SUV,Gray,Gray,1,No accident,Private,Excellent,Base,1,4036.0,34191.25,USA
BMW,X5,2025,3312,247,Automatic,Diesel,AWD,Coupe,Red,Beige,1,No accident,Dealer,Good,Sport,1,3312.0,46584.28,Germany
Subaru,Crosstrek,2024,22674,199,Automatic,Electric,AWD,Sedan,Blue,Beige,4,Minor,Dealer,Excellent,Base,1,22674.0,25675.24,Japan
Ford,Mustang,2020,82431,210,Automatic,Diesel,AWD,Coupe,Red,Black,1,No accident,Private,Fair,Limited,5,16486.2,17561.58,USA
Subaru,Impreza,2015,60185,139,Manual,Electric,AWD,SUV,Gray,Gray,4,Minor,Dealer,Excellent,EX,10,6018.5,11202.98,Japan
Cadillac,CT5,2016,155881,330,Manual,Diesel,AWD,Sedan,Red,Gray,5,No accident,Dealer,Good,LX,9,17320.11111111111,26022.34,USA
Chrysler,Pacifica,2024,517,157,Automatic,Diesel,RWD,Minivan,Black,Brown,1,Minor,Dealer,Good,EX,1,517.0,33083.28,USA
Acura,TLX,2016,155497,227,Manual,Gasoline,AWD,Sedan,Red,Gray,3,Minor,Dealer,Good,LX,9,17277.444444444445,13894.81,Japan
Ram,2500,2016,125850,229,Automatic,Gasoline,RWD,Pickup Truck,White,Brown,5,No accident,Private,Good,Base,9,13983.333333333334,15185.45,USA
Volvo,XC90,2019,82827,288,Manual,Diesel,RWD,SUV,Blue,Black,2,No accident,Dealer,Excellent,Base,6,13804.5,32109.99,Sweden
Subaru,Impreza,2021,55633,241,Manual,Gasoline,AWD,Sedan,Blue,Brown,1,Minor,Private,Excellent,LX,4,13908.25,20169.49,Japan
Acura,RDX,2017,82492,240,Manual,Gasoline,RWD,SUV,Gray,Brown,3,No accident,Dealer,Excellent,Sport,8,10311.5,27443.11,Japan
Porsche,Cayenne,2020,34249,472,Manual,Diesel,RWD,SUV,Silver,Beige,2,Minor,Dealer,Excellent,Base,5,6849.8,51558.13,Germany
Nissan,Rogue,2012,193430,137,Automatic,Diesel,RWD,Sedan,Silver,Beige,4,No accident,Dealer,Excellent,Touring,13,14879.23076923077,1500.0,Japan
Chrysler,Pacifica,2018,123460,232,Automatic,Electric,FWD,Minivan,Blue,Beige,2,No accident,Dealer,Good,Base,7,17637.14285714286,19720.54,USA
Jeep,Wrangler,2019,56000,192,Manual,Diesel,RWD,SUV,Red,Black,3,No accident,Private,Good,EX,6,9333.333333333334,20610.87,USA
Kia,Optima,2021,30373,125,Automatic,Gasoline,AWD,SUV,Silver,Gray,2,No accident,Dealer,Good,Base,4,7593.25,18817.38,South Korea
Mercedes-Benz,E-Class,2021,71017,355,Manual,Gasoline,RWD,Coupe,Red,Gray,2,No accident,Dealer,Excellent,Sport,4,17754.25,42759.54,Germany
Land Rover,Range Rover,2011,230631,399,Automatic,Gasoline,RWD,SUV,Silver,Brown,5,No accident,Dealer,Good,Sport,14,16473.64285714286,17472.08,UK
Chevrolet,Camaro,2017,135172,177,Automatic,Diesel,AWD,SUV,Black,Gray,5,Minor,Private,Excellent,LX,8,16896.5,11016.38,USA
Chrysler,300,2022,43737,191,Automatic,Gasoline,AWD,Minivan,White,Beige,2,No accident,Dealer,Excellent,Sport,3,14579.0,30856.19,USA
Ram,1500,2023,3481,254,Automatic,Electric,RWD,Pickup Truck,Black,Beige,1,No accident,Dealer,Fair,LX,2,1740.5,35373.76,USA
Audi,R8,2021,45764,319,Automatic,Diesel,FWD,SUV,White,Black,3,Major,Private,Good,LX,4,11441.0,28789.38,Germany
Nissan,Titan,2020,99564,115,Manual,Gasoline,RWD,Sedan,Silver,Gray,3,No accident,Dealer,Excellent,Sport,5,19912.8,14697.54,Japan
Nissan,Sentra,2018,102957,145,Manual,Electric,FWD,Sedan,White,Black,4,No accident,Dealer,Good,Sport,7,14708.142857142857,11468.08,Japan
BMW,X3,2019,71022,235,Manual,Electric,FWD,Sedan,Blue,Gray,2,Minor,Private,Excellent,Touring,6,11837.0,28594.67,Germany
Subaru,Outback,2015,52124,173,Manual,Gasoline,AWD,Sedan,Gray,Beige,5,No accident,Dealer,Good,Base,10,5212.4,13029.95,Japan
Land Rover,Discovery,2025,7301,428,Automatic,Diesel,RWD,SUV,Silver,Black,1,No accident,Private,Good,Limited,1,7301.0,72821.28,UK
Hyundai,Sonata,2017,105979,164,Manual,Gasoline,RWD,Sedan,White,Black,4,No accident,Dealer,Good,Sport,8,13247.375,10043.01,South Korea
Chevrolet,Silverado,2025,984,192,Automatic,Gasoline,AWD,Coupe,White,Beige,1,No accident,Private,Excellent,EX,1,984.0,32201.89,USA
Audi,A6,2019,168059,298,Automatic,Gasoline,AWD,SUV,Blue,Beige,2,No accident,Dealer,Good,Limited,6,28009.83333333333,28643.06,Germany
Volkswagen,Golf,2014,178648,183,Automatic,Diesel,RWD,Hatchback,Black,Black,5,No accident,Dealer,Fair,Sport,11,16240.727272727272,4637.36,Germany
Porsche,911,2018,110557,421,Automatic,Gasoline,RWD,Coupe,White,Black,2,No accident,Dealer,Excellent,EX,7,15793.857142857143,45269.25,Germany
Kia,Sorento,2020,115538,159,Manual,Diesel,RWD,Sedan,Red,Beige,5,No accident,Dealer,Good,Base,5,23107.6,11510.82,South Korea
Jeep,Cherokee,2023,3332,212,Manual,Diesel,AWD,SUV,Black,Black,1,No accident,Dealer,Excellent,Limited,2,1666.0,32500.93,USA
Subaru,Crosstrek,2012,277742,145,Automatic,Electric,AWD,Sedan,Black,Gray,5,No accident,Dealer,Good,Base,13,21364.76923076923,1500.0,Japan
Volvo,S60,2020,101686,308,Manual,Diesel,AWD,Sedan,White,Beige,2,No accident,Dealer,Good,EX,5,20337.2,32065.91,Sweden
GMC,Yukon,2017,134465,238,Manual,Gasoline,FWD,Pickup Truck,Black,Beige,5,No accident,Dealer,Good,Base,8,16808.125,16475.37,USA
Jeep,Cherokee,2023,57704,253,Manual,Diesel,RWD,SUV,Red,Gray,1,Minor,Dealer,Good,EX,2,28852.0,26637.75,USA
Mercedes-Benz,C-Class,2019,146077,247,Manual,Diesel,AWD,SUV,White,Gray,2,No accident,Dealer,Excellent,Base,6,24346.166666666668,30078.65,Germany
Mercedes-Benz,C-Class,2019,62692,324,Manual,Diesel,FWD,SUV,White,Gray,2,No accident,Dealer,Excellent,Base,6,10448.666666666666,36749.38,Germany
Honda,Civic,2016,82599,128,Automatic,Electric,AWD,Sedan,Silver,Brown,2,No accident,Dealer,Good,Base,9,9177.666666666666,10769.64,Japan
Volkswagen,Atlas,2009,300000,158,Manual,Diesel,RWD,Hatchback,White,Gray,5,No accident,Private,Good,LX,16,18750.0,1500.0,Germany
GMC,Acadia,2015,198117,247,Manual,Diesel,FWD,SUV,Silver,Beige,3,No accident,Dealer,Fair,Sport,10,19811.7,10380.72,USA
GMC,Yukon,2014,82313,217,Manual,Gasoline,RWD,SUV,Blue,Black,5,No accident,Dealer,Excellent,EX,11,7483.0,16691.02,USA
Chrysler,300,2018,152590,203,Automatic,Electric,RWD,Sedan,Red,Beige,3,Minor,Dealer,Good,LX,7,21798.571428571428,14877.67,USA
Tesla,Model 3,2015,68618,303,Automatic,Electric,FWD,Sedan,Black,Brown,5,No accident,Dealer,Good,Base,10,6861.8,29470.76,USA
GMC,Acadia,2018,145688,177,Manual,Diesel,AWD,Pickup Truck,Black,Brown,5,No accident,Dealer,Good,Sport,7,20812.571428571428,18771.78,USA
Nissan,Sentra,2015,101542,177,Manual,Electric,RWD,SUV,Blue,Beige,5,No accident,Dealer,Excellent,LX,10,10154.2,8710.3,Japan
Honda,Pilot,2019,49506,194,Manual,Gasoline,RWD,SUV,Red,Beige,5,No accident,Private,Good,Base,6,8251.0,14883.79,Japan
Cadillac,CT5,2014,215124,315,Manual,Gasoline,FWD,Sedan,Gray,Gray,5,No accident,Private,Excellent,LX,11,19556.727272727272,18003.95,USA
Chrysler,300,2018,94362,224,Automatic,Diesel,AWD,Sedan,Blue,Black,5,Minor,Dealer,Excellent,EX,7,13480.285714285714,17467.77,USA
Hyundai,Santa Fe,2023,39335,150,Automatic,Gasoline,RWD,Sedan,White,Brown,1,No accident,Dealer,Excellent,Base,2,19667.5,22434.45,South Korea
Land Rover,Range Rover,2011,121043,412,Manual,Gasoline,FWD,SUV,Red,Gray,4,Minor,Dealer,Good,Base,14,8645.92857142857,22437.88,UK
Jeep,Cherokee,2017,65685,240,Automatic,Gasoline,FWD,SUV,Silver,Beige,4,No accident,Dealer,Good,Touring,8,8210.625,18979.97,USA
Subaru,Outback,2023,28377,124,Automatic,Gasoline,AWD,SUV,Black,Beige,2,No accident,Dealer,Excellent,Limited,2,14188.5,26180.58,Japan
Hyundai,Elantra,2015,136776,90,Automatic,Diesel,RWD,SUV,Silver,Gray,4,No accident,Dealer,Excellent,LX,10,13677.6,5008.6,South Korea
Nissan,Pathfinder,2024,10370,144,Manual,Diesel,FWD,Pickup Truck,White,Black,1,Major,Dealer,Excellent,Touring,1,10370.0,21209.59,Japan
Mercedes-Benz,E-Class,2018,86886,331,Automatic,Gasoline,FWD,SUV,Black,Brown,1,No accident,Dealer,Excellent,EX,7,12412.285714285714,33041.52,Germany
BMW,3 Series,2018,169865,299,Automatic,Gasoline,AWD,SUV,Black,Gray,5,No accident,Dealer,Good,Touring,7,24266.42857142857,24722.61,Germany
Acura,MDX,2022,52761,265,Manual,Electric,AWD,SUV,White,Brown,4,No accident,Dealer,Good,LX,3,17587.0,38604.44,Japan
Chrysler,300,2022,67561,207,Automatic,Electric,FWD,Sedan,White,Brown,1,No accident,Dealer,Good,LX,3,22520.33333333333,29160.85,USA
Porsche,Cayenne,2014,109790,454,Automatic,Diesel,AWD,Coupe,Red,Brown,3,No accident,Dealer,Good,Sport,11,9980.90909090909,34604.73,Germany
GMC,Yukon,2020,98010,271,Manual,Electric,RWD,Pickup Truck,Red,Beige,5,No accident,Private,Good,Touring,5,19602.0,23628.41,USA
Mazda,CX-9,2015,85732,176,Automatic,Electric,AWD,SUV,Gray,Beige,5,No accident,Private,Good,EX,10,8573.2,9879.88,Japan
Honda,Accord,2020,73084,142,Automatic,Electric,RWD,Minivan,Blue,Brown,2,No accident,Dealer,Fair,EX,5,14616.8,13612.68,Japan
Acura,RDX,2015,154734,228,Manual,Gasoline,FWD,Sedan,Gray,Black,2,Minor,Private,Good,Base,10,15473.4,14128.35,Japan
Kia,Optima,2013,64704,177,Automatic,Diesel,RWD,Sedan,Gray,Black,5,No accident,Dealer,Fair,Limited,12,5392.0,7302.31,South Korea
Volvo,S60,2013,220147,313,Automatic,Gasoline,AWD,Sedan,Red,Beige,5,Minor,Dealer,Good,Limited,12,18345.58333333333,11553.89,Sweden
Porsche,Cayenne,2019,40337,456,Manual,Diesel,AWD,Sedan,Silver,Brown,3,No accident,Dealer,Good,Touring,6,6722.833333333333,53757.53,Germany
Land Rover,Range Rover,2022,28663,386,Automatic,Gasoline,RWD,SUV,Blue,Black,5,No accident,Dealer,Good,EX,3,9554.333333333334,60516.52,UK
Cadillac,XT5,2013,122235,343,Automatic,Electric,FWD,Sedan,Black,Gray,4,No accident,Dealer,Excellent,Touring,12,10186.25,21369.9,USA
Dodge,Charger,2022,34959,215,Automatic,Diesel,AWD,Coupe,Silver,Gray,1,No accident,Dealer,Good,LX,3,11653.0,27764.63,USA
Kia,Forte,2020,119359,148,Automatic,Gasoline,FWD,Sedan,Gray,Brown,3,Major,Private,Excellent,Base,5,23871.8,9763.54,South Korea
Mercedes-Benz,C-Class,2019,24977,344,Automatic,Gasoline,FWD,SUV,Red,Brown,5,Minor,Private,Good,Base,6,4162.833333333333,34628.76,Germany
Hyundai,Elantra,2024,16626,110,Automatic,Gasoline,AWD,SUV,Black,Gray,1,No accident,Private,Excellent,Sport,1,16626.0,20774.36,South Korea
Mercedes-Benz,C-Class,2008,300000,335,Automatic,Electric,FWD,SUV,White,Black,5,No accident,Dealer,Good,Touring,17,17647.058823529413,4013.28,Germany
GMC,Sierra,2025,8085,244,Automatic,Diesel,RWD,SUV,Black,Black,1,No accident,Dealer,Excellent,Sport,1,8085.0,40186.38,USA
Toyota,Camry,2015,185062,165,Manual,Gasoline,AWD,SUV,Red,Gray,5,No accident,Private,Good,EX,10,18506.2,4846.1,Japan
GMC,Yukon,2019,115141,157,Manual,Electric,RWD,Pickup Truck,Blue,Brown,3,No accident,Private,Good,LX,6,19190.166666666668,18698.36,USA
Ford,F-150,2020,31420,134,Manual,Electric,AWD,Sedan,Gray,Brown,3,No accident,Private,Good,Touring,5,6284.0,18959.17,USA
Toyota,Camry,2016,181882,176,Automatic,Diesel,RWD,Sedan,Silver,Gray,5,No accident,Dealer,Excellent,Sport,9,20209.11111111111,7198.41,Japan
Porsche,Macan,2019,84497,481,Manual,Diesel,FWD,Sedan,Gray,Beige,3,No accident,Dealer,Excellent,LX,6,14082.833333333334,55677.14,Germany
Dodge,Challenger,2018,90124,225,Automatic,Electric,FWD,Sedan,Blue,Beige,4,Major,Dealer,Excellent,EX,7,12874.857142857143,13878.07,USA
Ford,Explorer,2018,152497,149,Automatic,Electric,FWD,Coupe,White,Black,4,Minor,Private,Good,Sport,7,21785.285714285717,10438.4,USA
Subaru,Crosstrek,2021,83831,146,Automatic,Gasoline,AWD,Sedan,Silver,Gray,3,No accident,Dealer,Excellent,Base,4,20957.75,19913.69,Japan
Subaru,Forester,2018,147131,153,Automatic,Electric,AWD,Sedan,Red,Black,4,Minor,Dealer,Excellent,Base,7,21018.714285714286,11136.82,Japan
Dodge,Durango,2017,120314,229,Automatic,Gasoline,FWD,SUV,Blue,Gray,2,No accident,Private,Good,LX,8,15039.25,14694.37,USA
Jeep,Cherokee,2019,83464,182,Automatic,Gasoline,AWD,SUV,White,Black,5,No accident,Dealer,Good,Touring,6,13910.666666666666,20836.45,USA
Subaru,Forester,2021,53125,158,Manual,Gasoline,AWD,SUV,Black,Gray,2,No accident,Dealer,Good,LX,4,13281.25,20095.09,Japan
Audi,R8,2021,96965,301,Automatic,Diesel,AWD,SUV,Silver,Black,3,Minor,Dealer,Good,Sport,4,24241.25,32227.77,Germany
Toyota,Corolla,2022,31513,179,Automatic,Electric,FWD,Sedan,Gray,Beige,1,No accident,Dealer,Excellent,Sport,3,10504.333333333334,22191.63,Japan
Kia,Sorento,2019,91539,145,Manual,Electric,AWD,Sedan,Red,Brown,2,No accident,Dealer,Good,LX,6,15256.5,12656.68,South Korea
Tesla,Model 3,2013,184547,307,Automatic,Electric,RWD,SUV,Gray,Brown,3,Major,Dealer,Good,LX,12,15378.916666666666,13764.33,USA
Mercedes-Benz,C-Class,2016,195895,279,Automatic,Electric,FWD,Sedan,Red,Beige,5,No accident,Private,Good,Sport,9,21766.11111111111,19803.62,Germany
Porsche,911,2024,1761,413,Manual,Diesel,FWD,SUV,Silver,Gray,1,No accident,Dealer,Good,Touring,1,1761.0,86219.18,Germany
Ram,2500,2014,208376,197,Automatic,Electric,FWD,Pickup Truck,Black,Gray,5,No accident,Dealer,Good,LX,11,18943.272727272728,7688.34,USA
Volkswagen,Golf,2014,97368,134,Manual,Diesel,AWD,Hatchback,Blue,Beige,4,No accident,Dealer,Good,Touring,11,8851.636363636364,8290.19,Germany
Ford,Focus,2023,30376,164,Automatic,Gasoline,FWD,Pickup Truck,Black,Black,2,Major,Private,Good,Sport,2,15188.0,19899.15,USA
Jeep,Wrangler,2018,67963,190,Automatic,Diesel,AWD,SUV,Gray,Black,3,No accident,Private,Good,Base,7,9709.0,19396.28,USA
Chrysler,Pacifica,2014,109650,179,Manual,Diesel,RWD,Minivan,Gray,Black,5,Minor,Dealer,Excellent,Touring,11,9968.181818181818,11723.5,USA
Acura,RDX,2016,127717,234,Manual,Gasoline,RWD,SUV,Blue,Brown,4,No accident,Dealer,Good,Base,9,14190.777777777776,17663.59,Japan
Hyundai,Santa Fe,2019,117779,117,Manual,Diesel,FWD,Sedan,Red,Beige,5,No accident,Private,Good,Touring,6,19629.83333333333,9083.3,South Korea
Mazda,Mazda3,2019,95215,90,Automatic,Electric,AWD,Hatchback,Gray,Beige,4,No accident,Private,Excellent,Sport,6,15869.166666666666,11604.32,Japan
Hyundai,Santa Fe,2020,59249,152,Manual,Electric,RWD,SUV,Gray,Beige,5,No accident,Dealer,Excellent,Limited,5,11849.8,16147.48,South Korea
Cadillac,XT5,2012,300000,343,Manual,Gasoline,FWD,SUV,Red,Brown,2,No accident,Dealer,Excellent,Base,13,23076.92307692308,9629.07,USA
Kia,Sportage,2025,5371,90,Manual,Electric,FWD,Sedan,Gray,Beige,2,Major,Dealer,Excellent,Base,1,5371.0,18851.09,South Korea
Cadillac,CT5,2010,300000,369,Automatic,Diesel,FWD,Sedan,Blue,Black,5,No accident,Private,Good,LX,15,20000.0,7130.95,USA
GMC,Terrain,2017,185818,217,Automatic,Gasoline,FWD,Pickup Truck,Silver,Beige,1,No accident,Private,Excellent,Limited,8,23227.25,13044.41,USA
Nissan,Rogue,2012,155562,172,Manual,Electric,AWD,Sedan,Red,Brown,5,Minor,Dealer,Excellent,EX,13,11966.307692307691,3346.54,Japan
Cadillac,XT5,2022,72865,426,Automatic,Electric,FWD,SUV,Red,Brown,2,No accident,Private,Excellent,LX,3,24288.33333333333,44650.53,USA
GMC,Acadia,2012,137814,279,Automatic,Diesel,RWD,SUV,Blue,Black,5,No accident,Private,Fair,Touring,13,10601.076923076924,9751.64,USA
Ford,F-150,2017,94230,227,Automatic,Diesel,AWD,SUV,White,Beige,3,No accident,Dealer,Excellent,EX,8,11778.75,16146.77,USA
Volkswagen,Tiguan,2011,240311,173,Manual,Diesel,RWD,SUV,Blue,Beige,5,Major,Dealer,Good,Limited,14,17165.071428571428,1500.0,Germany
Porsche,Panamera,2014,126902,414,Automatic,Gasoline,AWD,SUV,Blue,Beige,5,No accident,Private,Excellent,EX,11,11536.545454545454,33328.63,Germany
Mazda,Mazda3,2017,146849,145,Manual,Diesel,RWD,SUV,Red,Gray,5,No accident,Private,Good,Touring,8,18356.125,7594.39,Japan
Acura,MDX,2024,14112,288,Manual,Electric,RWD,SUV,Silver,Brown,1,No accident,Dealer,Good,Sport,1,14112.0,42961.89,Japan
Land Rover,Defender,2013,267091,413,Manual,Gasoline,FWD,SUV,Blue,Brown,5,No accident,Dealer,Good,Limited,12,22257.58333333333,19799.9,UK
Mazda,CX-5,2014,74158,99,Manual,Gasoline,AWD,Hatchback,Red,Beige,5,No accident,Dealer,Good,LX,11,6741.636363636364,8517.77,Japan
Volvo,XC60,2019,77590,314,Automatic,Electric,RWD,Sedan,White,Brown,1,No accident,Private,Good,EX,6,12931.666666666666,30998.13,Sweden
Mercedes-Benz,GLE,2012,103356,328,Automatic,Electric,FWD,Sedan,Silver,Brown,5,No accident,Private,Good,Touring,13,7950.461538461538,18677.01,Germany
Toyota,RAV4,2019,67469,174,Manual,Electric,RWD,SUV,Silver,Black,1,No accident,Private,Excellent,Base,6,11244.833333333334,14675.05,Japan
Cadillac,XT5,2021,81357,335,Automatic,Diesel,RWD,Sedan,Blue,Gray,1,No accident,Dealer,Excellent,Sport,4,20339.25,44222.52,USA
Ford,Explorer,2020,60425,166,Automatic,Electric,AWD,SUV,Gray,Beige,1,No accident,Dealer,Good,Touring,5,12085.0,19915.76,USA
Toyota,Tacoma,2013,169202,184,Manual,Gasoline,FWD,Sedan,Silver,Brown,5,No accident,Private,Fair,Limited,12,14100.166666666666,3724.42,Japan
BMW,M3,2023,34944,206,Automatic,Gasoline,AWD,Coupe,Red,Gray,1,Minor,Private,Excellent,Touring,2,17472.0,40322.37,Germany
Jeep,Compass,2023,17986,134,Manual,Gasoline,AWD,SUV,Gray,Beige,1,No accident,Dealer,Good,Touring,2,8993.0,31130.69,USA
Honda,Accord,2020,80363,102,Manual,Electric,AWD,SUV,Silver,Brown,5,Minor,Dealer,Good,Sport,5,16072.6,13681.73,Japan
Subaru,Forester,2019,71268,146,Automatic,Electric,AWD,Sedan,Gray,Beige,5,Major,Dealer,Good,LX,6,11878.0,12004.47,Japan
Honda,Accord,2014,151055,156,Automatic,Diesel,RWD,Sedan,Blue,Beige,3,No accident,Dealer,Good,LX,11,13732.272727272728,5790.13,Japan
BMW,X5,2020,81449,296,Automatic,Electric,AWD,Sedan,Blue,Beige,2,No accident,Dealer,Good,Base,5,16289.8,35852.11,Germany
Dodge,Charger,2016,156564,158,Manual,Gasoline,RWD,Sedan,Blue,Brown,5,Minor,Dealer,Good,Touring,9,17396.0,9657.54,USA
Land Rover,Discovery,2015,157929,488,Automatic,Electric,RWD,SUV,Gray,Beige,5,Major,Private,Fair,Limited,10,15792.9,21247.54,UK
BMW,M3,2024,15268,296,Automatic,Electric,FWD,SUV,Gray,Beige,1,No accident,Private,Good,Touring,1,15268.0,46691.59,Germany
Nissan,Pathfinder,2015,59111,156,Manual,Electric,FWD,Sedan,White,Beige,4,No accident,Private,Excellent,Touring,10,5911.1,10819.53,Japan
Ram,1500,2015,136874,233,Manual,Electric,AWD,Pickup Truck,Blue,Beige,5,No accident,Dealer,Excellent,Base,10,13687.4,14816.29,USA
Kia,Telluride,2023,29557,102,Manual,Electric,AWD,Sedan,Silver,Black,1,No accident,Dealer,Excellent,LX,2,14778.5,18965.53,South Korea
Honda,Civic,2025,6092,127,Automatic,Gasoline,FWD,Minivan,White,Brown,1,No accident,Dealer,Excellent,Limited,1,6092.0,27536.85,Japan
Honda,Accord,2020,67556,190,Automatic,Diesel,AWD,Sedan,Silver,Black,1,No accident,Dealer,Excellent,Limited,5,13511.2,17919.07,Japan
Mazda,Mazda3,2015,88408,172,Manual,Diesel,RWD,Sedan,Black,Beige,5,No accident,Dealer,Fair,Limited,10,8840.8,8847.85,Japan
Nissan,Pathfinder,2020,90943,177,Automatic,Diesel,RWD,SUV,Blue,Gray,2,No accident,Dealer,Fair,Touring,5,18188.6,14180.59,Japan
Ram,2500,2022,79499,177,Automatic,Diesel,RWD,Pickup Truck,Blue,Black,2,Minor,Dealer,Good,EX,3,26499.666666666668,22697.19,USA
Ram,2500,2015,214485,171,Manual,Diesel,FWD,Pickup Truck,Black,Black,4,Major,Private,Good,Touring,10,21448.5,5898.86,USA
Honda,Pilot,2016,149176,171,Automatic,Gasoline,AWD,Minivan,Silver,Gray,5,Minor,Dealer,Good,Limited,9,16575.11111111111,6974.51,Japan
Hyundai,Sonata,2018,99599,128,Manual,Gasoline,FWD,Sedan,Black,Brown,3,No accident,Private,Good,Base,7,14228.42857142857,9772.4,South Korea
Kia,Sorento,2021,49683,118,Automatic,Gasoline,RWD,SUV,White,Gray,1,No accident,Private,Excellent,EX,4,12420.75,15714.51,South Korea
Kia,Sorento,2017,76940,192,Automatic,Diesel,RWD,SUV,Silver,Gray,5,No accident,Dealer,Excellent,Limited,8,9617.5,11938.45,South Korea
Land Rover,Discovery,2021,49234,389,Automatic,Electric,FWD,SUV,Blue,Beige,2,No accident,Dealer,Excellent,Limited,4,12308.5,60679.59,UK
Chevrolet,Equinox,2023,37984,206,Automatic,Electric,RWD,Sedan,Blue,Gray,2,Major,Dealer,Good,Base,2,18992.0,23659.07,USA
Volkswagen,Atlas,2015,147553,175,Automatic,Diesel,AWD,SUV,Blue,Gray,3,No accident,Dealer,Good,Touring,10,14755.3,7554.79,Germany
Nissan,Titan,2014,96744,147,Manual,Electric,RWD,Pickup Truck,Silver,Gray,5,No accident,Private,Excellent,EX,11,8794.90909090909,7405.44,Japan
BMW,M3,2020,100568,340,Automatic,Gasoline,FWD,Sedan,Black,Gray,5,No accident,Private,Good,EX,5,20113.6,31259.51,Germany
Mazda,Mazda3,2010,300000,158,Manual,Electric,AWD,Sedan,Red,Gray,5,No accident,Dealer,Excellent,Sport,15,20000.0,1500.0,Japan
Ford,Escape,2018,167602,208,Automatic,Diesel,FWD,Sedan,Gray,Brown,5,No accident,Dealer,Excellent,Base,7,23943.14285714286,12888.13,USA
Mercedes-Benz,GLE,2022,15529,333,Automatic,Gasoline,AWD,Coupe,White,Black,1,Minor,Dealer,Good,EX,3,5176.333333333333,41147.61,Germany
BMW,X3,2021,51911,255,Automatic,Diesel,RWD,SUV,White,Gray,2,No accident,Private,Fair,Limited,4,12977.75,31438.17,Germany
Mazda,Mazda6,2018,39865,120,Automatic,Diesel,AWD,Sedan,Silver,Black,3,No accident,Dealer,Good,Base,7,5695.0,14494.15,Japan
Audi,Q7,2019,114322,325,Automatic,Gasoline,FWD,Sedan,Red,Black,5,No accident,Dealer,Good,EX,6,19053.666666666668,29589.53,Germany
Honda,Civic,2021,55881,152,Automatic,Gasoline,FWD,Sedan,White,Black,3,No accident,Dealer,Excellent,EX,4,13970.25,19750.73,Japan
Dodge,Durango,2020,107692,199,Manual,Gasoline,RWD,Coupe,Black,Gray,3,No accident,Private,Good,EX,5,21538.4,20639.88,USA
Ford,Mustang,2014,94626,158,Manual,Gasoline,FWD,Pickup Truck,Silver,Beige,4,No accident,Dealer,Good,EX,11,8602.363636363636,10429.46,USA
Chrysler,Pacifica,2020,122348,210,Automatic,Gasoline,FWD,Minivan,Black,Black,3,No accident,Dealer,Good,Touring,5,24469.6,21909.09,USA
Chevrolet,Silverado,2015,86437,245,Automatic,Gasoline,FWD,SUV,Black,Gray,5,Minor,Private,Excellent,Touring,10,8643.7,12059.25,USA
Volvo,XC90,2021,79253,323,Automatic,Gasoline,AWD,SUV,Silver,Brown,2,No accident,Dealer,Good,EX,4,19813.25,35738.31,Sweden
GMC,Sierra,2020,81127,195,Automatic,Gasoline,FWD,Pickup Truck,Black,Beige,4,No accident,Private,Good,LX,5,16225.4,24007.21,USA
BMW,X3,2025,6372,254,Automatic,Diesel,RWD,Coupe,Gray,Black,1,No accident,Dealer,Excellent,Sport,1,6372.0,53549.78,Germany
Nissan,Rogue,2016,83392,156,Automatic,Diesel,AWD,SUV,Blue,Brown,5,Minor,Private,Good,Touring,9,9265.777777777776,9765.8,Japan
GMC,Terrain,2024,11626,237,Manual,Gasoline,FWD,Pickup Truck,Blue,Black,1,No accident,Dealer,Good,Sport,1,11626.0,40620.51,USA
GMC,Terrain,2018,99064,209,Automatic,Diesel,RWD,Pickup Truck,White,Brown,5,No accident,Dealer,Good,EX,7,14152.0,20136.61,USA
Cadillac,Lyriq,2017,106952,332,Manual,Electric,FWD,Sedan,Silver,Black,5,No accident,Dealer,Excellent,Sport,8,13369.0,32338.38,USA
Nissan,Sentra,2018,128745,154,Automatic,Gasoline,FWD,Pickup Truck,Black,Beige,3,Minor,Dealer,Fair,Limited,7,18392.14285714286,8563.19,Japan
BMW,M3,2015,173453,300,Automatic,Diesel,RWD,Sedan,Blue,Brown,5,No accident,Dealer,Good,Sport,10,17345.3,18052.92,Germany
Subaru,Outback,2016,124173,153,Manual,Gasoline,AWD,SUV,Blue,Gray,3,No accident,Dealer,Fair,LX,9,13797.0,10300.17,Japan
Ram,3500,2019,12663,266,Manual,Gasoline,FWD,Pickup Truck,Red,Beige,2,No accident,Dealer,Good,LX,6,2110.5,26048.0,USA
Acura,Integra,2020,38895,165,Automatic,Electric,RWD,SUV,Silver,Brown,1,No accident,Dealer,Good,Base,5,7779.0,29996.86,Japan
Hyundai,Tucson,2019,106987,150,Automatic,Gasoline,RWD,Sedan,White,Gray,5,No accident,Private,Fair,Limited,6,17831.166666666668,10307.07,South Korea
Dodge,Charger,2016,161694,221,Automatic,Gasoline,FWD,Sedan,Silver,Beige,5,No accident,Dealer,Fair,Limited,9,17966.0,9592.18,USA
Mazda,Mazda6,2018,96494,125,Automatic,Electric,AWD,SUV,Silver,Black,4,Minor,Dealer,Excellent,Base,7,13784.857142857143,10880.35,Japan
Tesla,Model S,2012,254777,353,Automatic,Electric,RWD,SUV,Black,Brown,5,No accident,Private,Excellent,EX,13,19598.23076923077,13420.31,USA
Kia,Telluride,2018,155886,143,Manual,Electric,RWD,SUV,Gray,Gray,5,No accident,Dealer,Good,LX,7,22269.42857142857,8355.62,South Korea
Ford,Explorer,2016,150823,148,Automatic,Diesel,RWD,Coupe,White,Gray,4,No accident,Private,Good,Touring,9,16758.11111111111,8983.99,USA
Dodge,Challenger,2016,114182,179,Automatic,Electric,FWD,SUV,Gray,Beige,3,No accident,Dealer,Good,EX,9,12686.888888888889,11588.33,USA
Ram,1500,2016,96621,176,Automatic,Diesel,RWD,Pickup Truck,Silver,Gray,5,No accident,Dealer,Good,LX,9,10735.666666666666,16535.13,USA
Volvo,XC60,2022,36452,286,Automatic,Diesel,FWD,Sedan,White,Black,3,No accident,Dealer,Good,Base,3,12150.666666666666,44510.3,Sweden
Ford,Escape,2012,213560,173,Automatic,Gasoline,RWD,Pickup Truck,White,Black,5,No accident,Private,Excellent,LX,13,16427.69230769231,2191.61,USA
Nissan,Rogue,2016,136466,100,Automatic,Gasoline,AWD,Sedan,Blue,Gray,4,Major,Dealer,Good,Touring,9,15162.888888888889,5271.59,Japan
Volvo,V60,2013,111492,359,Manual,Gasoline,FWD,Wagon,Gray,Beige,5,No accident,Dealer,Good,EX,12,9291.0,19456.93,Sweden
Subaru,Outback,2018,87877,182,Automatic,Gasoline,AWD,Sedan,Silver,Brown,2,No accident,Dealer,Good,Limited,7,12553.857142857143,13943.48,Japan
Land Rover,Discovery,2019,63121,360,Automatic,Electric,RWD,SUV,Blue,Black,3,Minor,Private,Good,Sport,6,10520.166666666666,41081.44,UK
Jeep,Grand Cherokee,2015,117755,237,Automatic,Gasoline,RWD,SUV,Gray,Gray,3,No accident,Dealer,Good,Base,10,11775.5,12690.17,USA
GMC,Terrain,2017,111868,200,Automatic,Gasoline,FWD,Pickup Truck,Blue,Gray,4,No accident,Dealer,Good,Sport,8,13983.5,17263.41,USA
Ram,1500,2021,38315,212,Manual,Electric,FWD,Pickup Truck,Black,Gray,5,No accident,Dealer,Excellent,EX,4,9578.75,28297.95,USA
Toyota,Camry,2015,221031,159,Automatic,Gasoline,FWD,SUV,Black,Gray,5,No accident,Private,Good,Limited,10,22103.1,2888.12,Japan
Nissan,Rogue,2024,22242,153,Manual,Electric,RWD,SUV,Gray,Gray,2,Minor,Dealer,Good,Sport,1,22242.0,22608.81,Japan
Land Rover,Range Rover,2016,61390,440,Automatic,Electric,FWD,SUV,Red,Beige,3,No accident,Dealer,Fair,Touring,9,6821.111111111111,35525.47,UK
Mercedes-Benz,C-Class,2021,21283,337,Automatic,Gasoline,FWD,SUV,Gray,Gray,1,No accident,Dealer,Excellent,LX,4,5320.75,47079.95,Germany
Lexus,NX,2013,191708,222,Manual,Gasoline,FWD,SUV,Silver,Beige,5,No accident,Dealer,Excellent,EX,12,15975.666666666666,12572.35,Japan
Mazda,CX-5,2021,62497,174,Manual,Gasoline,FWD,Sedan,Black,Black,2,Major,Dealer,Excellent,LX,4,15624.25,15190.36,Japan
Chevrolet,Silverado,2015,145640,223,Automatic,Gasoline,RWD,Coupe,Silver,Black,4,No accident,Dealer,Good,LX,10,14564.0,10351.82,USA
Volvo,S60,2019,22219,272,Automatic,Electric,FWD,SUV,Black,Black,3,No accident,Private,Good,Base,6,3703.1666666666665,31336.77,Sweden
Ram,1500,2019,132057,231,Manual,Gasoline,AWD,Pickup Truck,Black,Black,3,No accident,Dealer,Good,Base,6,22009.5,19776.09,USA
Kia,Sportage,2015,177793,120,Automatic,Gasoline,RWD,SUV,Silver,Gray,2,No accident,Private,Excellent,Base,10,17779.3,3440.16,South Korea
Cadillac,Lyriq,2019,17212,336,Manual,Gasoline,FWD,Sedan,Blue,Black,4,No accident,Dealer,Good,EX,6,2868.6666666666665,38796.45,USA
Chrysler,300,2020,83604,210,Automatic,Gasoline,FWD,Minivan,Black,Brown,2,No accident,Dealer,Excellent,EX,5,16720.8,24316.05,USA
Honda,CR-V,2013,208160,108,Automatic,Diesel,FWD,Minivan,Gray,Brown,5,No accident,Dealer,Good,Sport,12,17346.666666666668,1500.0,Japan
Jeep,Wrangler,2016,118438,189,Automatic,Diesel,RWD,SUV,White,Beige,5,No accident,Dealer,Fair,LX,9,13159.777777777776,12524.3,USA
Acura,MDX,2023,19279,293,Automatic,Electric,RWD,SUV,Red,Beige,1,No accident,Dealer,Excellent,LX,2,9639.5,45131.25,Japan
GMC,Acadia,2018,98737,231,Automatic,Gasoline,FWD,Pickup Truck,Blue,Gray,3,Major,Dealer,Good,Base,7,14105.285714285714,17149.03,USA
Mercedes-Benz,E-Class,2019,118191,305,Automatic,Gasoline,RWD,SUV,Black,Black,5,No accident,Private,Fair,LX,6,19698.5,27327.71,Germany
Audi,A6,2018,100664,266,Automatic,Diesel,AWD,Sedan,Blue,Gray,5,No accident,Private,Good,Touring,7,14380.57142857143,27435.09,Germany
Chevrolet,Malibu,2014,148825,223,Automatic,Electric,FWD,Pickup Truck,Gray,Beige,5,No accident,Dealer,Good,Touring,11,13529.545454545454,8760.47,USA
Nissan,Rogue,2020,109408,96,Manual,Diesel,RWD,Pickup Truck,Blue,Black,4,Minor,Dealer,Good,Touring,5,21881.6,10793.49,Japan
Mercedes-Benz,E-Class,2014,148116,320,Manual,Electric,RWD,SUV,Black,Gray,5,Minor,Private,Good,Touring,11,13465.09090909091,17969.7,Germany
Chevrolet,Camaro,2017,168102,150,Automatic,Gasoline,FWD,SUV,Red,Gray,3,No accident,Private,Excellent,Base,8,21012.75,11651.85,USA
Honda,Odyssey,2013,191687,145,Automatic,Diesel,FWD,Minivan,Black,Black,5,No accident,Dealer,Good,LX,12,15973.916666666666,2282.0,Japan
Kia,Sportage,2012,214650,127,Manual,Diesel,RWD,Sedan,Blue,Beige,5,No accident,Dealer,Excellent,Touring,13,16511.53846153846,1500.0,South Korea
Jeep,Grand Cherokee,2012,235919,162,Automatic,Gasoline,RWD,SUV,Black,Black,5,No accident,Private,Fair,LX,13,18147.615384615383,2102.04,USA
Dodge,Challenger,2013,139919,212,Manual,Electric,FWD,Coupe,White,Gray,3,No accident,Dealer,Good,Sport,12,11659.916666666666,8659.78,USA
Jeep,Cherokee,2016,72321,173,Manual,Gasoline,AWD,SUV,Red,Beige,5,Minor,Dealer,Excellent,Touring,9,8035.666666666667,13731.75,USA
Subaru,Impreza,2020,88288,201,Automatic,Gasoline,AWD,Sedan,Blue,Beige,2,No accident,Dealer,Good,EX,5,17657.6,18362.64,Japan
Ford,Focus,2019,51462,169,Automatic,Electric,FWD,Coupe,Black,Beige,4,No accident,Dealer,Good,Sport,6,8577.0,19283.81,USA
Toyota,Tacoma,2017,115065,165,Automatic,Gasoline,AWD,Sedan,Red,Black,5,Major,Dealer,Excellent,Touring,8,14383.125,8173.42,Japan
Nissan,Rogue,2017,125553,114,Automatic,Electric,RWD,Sedan,Blue,Gray,4,No accident,Dealer,Good,LX,8,15694.125,8353.83,Japan
Porsche,911,2018,102008,458,Manual,Diesel,RWD,SUV,Silver,Beige,5,No accident,Private,Good,EX,7,14572.57142857143,43262.2,Germany
Lexus,GX,2013,109114,295,Automatic,Gasoline,AWD,SUV,White,Gray,5,No accident,Dealer,Fair,Touring,12,9092.833333333334,16474.67,Japan
Volkswagen,Passat,2009,300000,107,Automatic,Diesel,AWD,Sedan,Red,Gray,5,No accident,Dealer,Fair,Limited,16,18750.0,1500.0,Germany
Audi,A6,2015,113309,270,Automatic,Gasoline,FWD,SUV,Red,Black,2,No accident,Private,Good,Touring,10,11330.9,21862.98,Germany
Nissan,Rogue,2015,103678,121,Automatic,Gasoline,RWD,Pickup Truck,Red,Black,5,Minor,Dealer,Excellent,EX,10,10367.8,7277.74,Japan
Ford,Escape,2020,83734,155,Automatic,Electric,FWD,Coupe,Gray,Beige,4,Major,Private,Good,LX,5,16746.8,12431.25,USA
GMC,Acadia,2019,178777,208,Automatic,Gasoline,AWD,Pickup Truck,Red,Brown,5,No accident,Dealer,Good,Limited,6,29796.166666666668,18275.65,USA
Volvo,V60,2020,88470,296,Automatic,Electric,FWD,Sedan,Gray,Beige,1,Minor,Dealer,Fair,Base,5,17694.0,26566.83,Sweden
Chevrolet,Silverado,2022,58749,166,Manual,Diesel,FWD,SUV,Silver,Gray,2,No accident,Dealer,Excellent,LX,3,19583.0,27023.27,USA
Audi,Q5,2019,9382,282,Automatic,Gasoline,FWD,SUV,Red,Beige,5,No accident,Private,Good,Sport,6,1563.6666666666667,36324.3,Germany
Land Rover,Defender,2015,232252,424,Automatic,Gasoline,AWD,SUV,Black,Gray,5,Minor,Private,Good,Touring,10,23225.2,22927.33,UK
Mazda,Mazda3,2018,67804,127,Automatic,Gasoline,FWD,Sedan,Gray,Beige,2,No accident,Dealer,Excellent,Sport,7,9686.285714285714,14277.4,Japan
Honda,Odyssey,2015,108698,121,Manual,Electric,AWD,Minivan,Black,Brown,4,No accident,Dealer,Good,Sport,10,10869.8,7641.05,Japan
Audi,A6,2020,69730,380,Manual,Gasoline,FWD,Coupe,Blue,Brown,5,No accident,Dealer,Good,EX,5,13946.0,36779.77,Germany
Honda,CR-V,2018,93890,165,Automatic,Electric,RWD,Sedan,Gray,Black,5,No accident,Private,Fair,Base,7,13412.857142857143,10538.2,Japan
Cadillac,XT5,2019,55823,315,Automatic,Electric,RWD,SUV,White,Beige,5,Major,Dealer,Good,Base,6,9303.833333333334,28514.73,USA
Mazda,Mazda6,2014,80625,136,Automatic,Gasoline,FWD,SUV,Blue,Black,5,No accident,Dealer,Good,Limited,11,7329.545454545455,8267.16,Japan
Hyundai,Sonata,2014,238047,150,Manual,Diesel,RWD,Sedan,Silver,Beige,5,Minor,Private,Good,Limited,11,21640.636363636364,1500.0,South Korea
Volkswagen,Tiguan,2015,89835,152,Automatic,Gasoline,AWD,Sedan,Gray,Gray,5,Major,Private,Excellent,EX,10,8983.5,8288.08,Germany
Mercedes-Benz,S-Class,2015,70416,313,Manual,Diesel,FWD,Coupe,Black,Brown,5,No accident,Private,Good,Base,10,7041.6,24646.78,Germany
GMC,Yukon,2025,2482,191,Automatic,Diesel,FWD,SUV,Blue,Beige,1,Minor,Dealer,Excellent,Sport,1,2482.0,37766.17,USA
Lexus,NX,2020,32715,320,Automatic,Gasoline,RWD,Sedan,Silver,Black,2,Minor,Private,Good,EX,5,6543.0,28505.29,Japan
Dodge,Durango,2017,149738,177,Manual,Gasoline,RWD,Coupe,Black,Brown,3,No accident,Dealer,Good,EX,8,18717.25,11736.58,USA
Ford,Focus,2015,167602,133,Manual,Gasoline,FWD,Sedan,White,Brown,5,Minor,Dealer,Excellent,Touring,10,16760.2,6479.21,USA
GMC,Yukon,2019,57574,149,Automatic,Diesel,AWD,SUV,Silver,Gray,5,No accident,Dealer,Fair,Sport,6,9595.666666666666,20205.16,USA
Chevrolet,Silverado,2021,31862,138,Manual,Gasoline,AWD,Pickup Truck,Black,Brown,1,No accident,Dealer,Good,Touring,4,7965.5,23912.13,USA
Kia,Forte,2023,18240,162,Manual,Gasoline,FWD,SUV,Gray,Black,1,Minor,Dealer,Good,Touring,2,9120.0,20682.58,South Korea
Subaru,Forester,2015,103552,160,Manual,Electric,AWD,Sedan,White,Brown,4,No accident,Private,Excellent,Limited,10,10355.2,11274.7,Japan
Jeep,Cherokee,2021,69021,157,Automatic,Electric,RWD,SUV,Gray,Gray,1,No accident,Private,Excellent,Limited,4,17255.25,24838.6,USA
Dodge,Charger,2019,167378,174,Manual,Gasoline,AWD,Sedan,Blue,Beige,2,No accident,Dealer,Good,Sport,6,27896.33333333333,14723.47,USA
Nissan,Pathfinder,2017,163043,109,Automatic,Diesel,RWD,SUV,Black,Beige,3,No accident,Private,Excellent,Touring,8,20380.375,6511.28,Japan
Mercedes-Benz,S-Class,2020,49395,331,Manual,Electric,RWD,Coupe,White,Brown,2,No accident,Dealer,Good,EX,5,9879.0,34950.11,Germany
Jeep,Cherokee,2018,64260,214,Manual,Gasoline,AWD,SUV,White,Gray,5,No accident,Dealer,Excellent,Base,7,9180.0,19350.29,USA
Cadillac,XT5,2019,106905,385,Automatic,Diesel,FWD,Sedan,Blue,Beige,5,No accident,Dealer,Good,Base,6,17817.5,35831.66,USA
Ford,Mustang,2016,174283,127,Manual,Gasoline,FWD,Pickup Truck,Black,Gray,5,Minor,Private,Excellent,Limited,9,19364.777777777777,6448.51,USA
Nissan,Altima,2017,76930,119,Automatic,Diesel,FWD,Sedan,Silver,Beige,5,No accident,Dealer,Good,LX,8,9616.25,10636.74,Japan
Lexus,ES,2015,147439,265,Automatic,Electric,AWD,Sedan,Red,Black,4,No accident,Dealer,Fair,EX,10,14743.9,14690.44,Japan
Jeep,Grand Cherokee,2013,195964,231,Automatic,Diesel,FWD,SUV,Blue,Beige,5,No accident,Dealer,Good,Touring,12,16330.333333333334,7181.18,USA
Volvo,V60,2014,206752,288,Automatic,Gasoline,FWD,Wagon,Gray,Black,5,No accident,Dealer,Fair,Touring,11,18795.636363636364,12890.3,Sweden
Mercedes-Benz,S-Class,2023,44742,277,Automatic,Electric,FWD,Coupe,White,Brown,5,No accident,Dealer,Good,LX,2,22371.0,45595.76,Germany
Ford,F-150,2023,41337,181,Automatic,Diesel,FWD,SUV,Red,Gray,1,Minor,Dealer,Excellent,Sport,2,20668.5,24385.71,USA
Chevrolet,Camaro,2017,107351,213,Manual,Diesel,AWD,Pickup Truck,White,Gray,5,Minor,Dealer,Good,Sport,8,13418.875,13980.6,USA
Dodge,Durango,2020,550,211,Manual,Gasoline,FWD,Coupe,White,Beige,2,No accident,Dealer,Good,LX,5,110.0,24150.95,USA
Land Rover,Defender,2013,158720,459,Automatic,Gasoline,AWD,SUV,White,Beige,5,No accident,Dealer,Fair,LX,12,13226.666666666666,24192.45,UK
Dodge,Challenger,2012,94034,185,Manual,Gasoline,RWD,SUV,Gray,Black,5,No accident,Private,Fair,Base,13,7233.384615384615,8990.05,USA
Dodge,Challenger,2012,272464,169,Automatic,Diesel,AWD,Sedan,Gray,Brown,5,No accident,Private,Excellent,Touring,13,20958.76923076923,1500.0,USA
Volkswagen,Passat,2016,136327,133,Manual,Gasoline,RWD,Sedan,Gray,Gray,5,Minor,Dealer,Excellent,Touring,9,15147.444444444443,7785.93,Germany
Volvo,XC60,2020,58511,298,Manual,Gasoline,RWD,Sedan,Black,Beige,2,No accident,Dealer,Excellent,EX,5,11702.2,37369.48,Sweden
Cadillac,Lyriq,2014,160805,345,Automatic,Electric,FWD,SUV,Blue,Black,5,No accident,Dealer,Fair,Sport,11,14618.636363636364,18341.57,USA
Kia,Sportage,2021,61840,153,Automatic,Diesel,RWD,SUV,Red,Beige,2,No accident,Dealer,Good,Touring,4,15460.0,17195.73,South Korea
Honda,Odyssey,2014,206616,163,Automatic,Electric,FWD,Sedan,Silver,Gray,5,No accident,Private,Excellent,EX,11,18783.272727272728,2667.62,Japan
Cadillac,CT5,2018,199107,390,Manual,Gasoline,RWD,SUV,Silver,Beige,5,No accident,Dealer,Excellent,EX,7,28443.85714285714,29678.05,USA
Dodge,Challenger,2012,210568,208,Automatic,Diesel,AWD,Coupe,Silver,Black,4,No accident,Private,Good,Touring,13,16197.53846153846,3882.88,USA
Hyundai,Elantra,2022,32076,120,Automatic,Diesel,AWD,Sedan,Black,Brown,1,No accident,Dealer,Excellent,Limited,3,10692.0,19689.45,South Korea
Honda,Pilot,2021,75571,126,Automatic,Diesel,RWD,SUV,White,Black,3,Major,Private,Excellent,Touring,4,18892.75,11652.73,Japan
Kia,Telluride,2018,93292,135,Automatic,Gasoline,FWD,SUV,Gray,Black,4,No accident,Private,Good,LX,7,13327.42857142857,10203.21,South Korea
Hyundai,Sonata,2018,89233,162,Automatic,Electric,FWD,Sedan,Black,Black,5,No accident,Dealer,Excellent,Base,7,12747.57142857143,11669.61,South Korea
Ford,Mustang,2012,207252,137,Manual,Diesel,AWD,SUV,White,Brown,5,No accident,Private,Excellent,Touring,13,15942.46153846154,2073.33,USA
Audi,R8,2023,18359,275,Manual,Diesel,RWD,Coupe,Red,Brown,1,No accident,Private,Good,Limited,2,9179.5,44255.07,Germany
Cadillac,CT5,2016,83022,334,Manual,Diesel,FWD,SUV,Black,Brown,2,No accident,Dealer,Excellent,LX,9,9224.666666666666,29760.1,USA
Mazda,CX-9,2014,109426,191,Manual,Diesel,AWD,SUV,White,Brown,4,No accident,Dealer,Excellent,EX,11,9947.818181818182,8696.72,Japan
Toyota,Camry,2017,165174,108,Automatic,Diesel,RWD,Pickup Truck,Black,Black,4,No accident,Dealer,Excellent,LX,8,20646.75,7089.06,Japan
Kia,Telluride,2023,25858,128,Automatic,Diesel,RWD,SUV,Gray,Brown,1,No accident,Dealer,Excellent,Base,2,12929.0,22023.51,South Korea
Dodge,Challenger,2015,263626,227,Manual,Diesel,RWD,Sedan,Red,Gray,4,No accident,Private,Good,Touring,10,26362.6,4914.65,USA
Hyundai,Tucson,2018,48577,118,Manual,Gasoline,RWD,Sedan,Blue,Beige,2,No accident,Dealer,Good,LX,7,6939.571428571428,13442.31,South Korea
Subaru,Impreza,2021,87741,93,Manual,Gasoline,AWD,SUV,Red,Black,2,No accident,Dealer,Good,Limited,4,21935.25,18201.34,Japan
Audi,A4,2016,77195,286,Automatic,Electric,AWD,Coupe,Gray,Brown,4,Minor,Dealer,Excellent,Base,9,8577.222222222223,24671.0,Germany
Land Rover,Range Rover,2009,272891,402,Manual,Gasoline,AWD,SUV,Gray,Gray,5,No accident,Private,Good,Limited,16,17055.6875,10609.48,UK
Hyundai,Santa Fe,2019,122449,169,Manual,Gasoline,FWD,Sedan,Gray,Gray,1,No accident,Private,Excellent,LX,6,20408.166666666668,10988.14,South Korea
Cadillac,Escalade,2009,191684,274,Manual,Gasoline,RWD,Sedan,Silver,Beige,5,No accident,Dealer,Good,Limited,16,11980.25,9939.58,USA
Lexus,IS,2012,222705,280,Manual,Gasoline,FWD,Sedan,Gray,Black,5,No accident,Dealer,Excellent,EX,13,17131.153846153848,9475.85,Japan
Acura,RDX,2019,123124,237,Manual,Gasoline,RWD,SUV,Black,Brown,3,Major,Dealer,Good,Touring,6,20520.666666666668,17449.01,Japan
Honda,Civic,2016,110010,96,Manual,Electric,FWD,Sedan,Black,Gray,5,No accident,Dealer,Excellent,LX,9,12223.333333333334,8515.44,Japan
Mercedes-Benz,C-Class,2019,91093,314,Manual,Gasoline,RWD,Sedan,Gray,Black,4,No accident,Private,Excellent,EX,6,15182.166666666666,36790.7,Germany
Audi,Q5,2012,191087,342,Manual,Electric,RWD,Sedan,Silver,Gray,4,No accident,Private,Excellent,LX,13,14699.0,13574.62,Germany
Volkswagen,Passat,2020,126051,172,Manual,Gasoline,AWD,Sedan,Blue,Gray,2,No accident,Private,Excellent,Base,5,25210.2,16569.11,Germany
Cadillac,XT5,2016,143872,309,Automatic,Electric,RWD,Sedan,Red,Beige,4,No accident,Dealer,Good,Base,9,15985.777777777776,23933.51,USA
Toyota,Corolla,2015,75619,227,Manual,Gasoline,RWD,Sedan,Silver,Brown,3,Minor,Private,Good,LX,10,7561.9,9774.63,Japan
Dodge,Durango,2007,235279,176,Automatic,Electric,RWD,Coupe,Blue,Brown,5,No accident,Dealer,Fair,LX,18,13071.055555555557,1500.0,USA
Kia,Sorento,2017,120256,149,Manual,Gasoline,RWD,SUV,White,Black,2,No accident,Dealer,Good,LX,8,15032.0,9307.7,South Korea
Honda,Odyssey,2020,99323,166,Automatic,Electric,AWD,Minivan,Gray,Beige,3,No accident,Private,Good,Base,5,19864.6,15468.9,Japan
Volkswagen,Tiguan,2015,128049,147,Manual,Electric,AWD,Sedan,Black,Black,5,No accident,Dealer,Good,Touring,10,12804.9,8250.54,Germany
Nissan,Pathfinder,2011,75164,112,Manual,Gasoline,AWD,Sedan,Gray,Brown,5,No accident,Dealer,Good,Touring,14,5368.857142857143,5889.89,Japan
Volvo,S60,2023,16836,287,Automatic,Electric,FWD,SUV,Gray,Black,2,No accident,Dealer,Excellent,Sport,2,8418.0,47068.45,Sweden
Ford,Focus,2017,106521,200,Automatic,Diesel,AWD,SUV,Red,Black,4,No accident,Dealer,Good,Sport,8,13315.125,12760.28,USA
Toyota,RAV4,2015,118017,145,Manual,Diesel,FWD,SUV,White,Gray,4,No accident,Dealer,Good,LX,10,11801.7,8468.64,Japan
Ram,2500,2014,94480,229,Manual,Electric,AWD,Pickup Truck,White,Beige,5,No accident,Dealer,Good,Touring,11,8589.09090909091,14561.32,USA
Nissan,Sentra,2017,163830,129,Automatic,Diesel,RWD,SUV,Silver,Black,5,No accident,Dealer,Good,LX,8,20478.75,6545.77,Japan
Volvo,S60,2015,210765,349,Manual,Gasoline,AWD,Wagon,Gray,Beige,4,No accident,Dealer,Good,EX,10,21076.5,18275.69,Sweden
Land Rover,Defender,2014,180932,440,Manual,Gasoline,RWD,SUV,Blue,Beige,5,No accident,Dealer,Good,Sport,11,16448.363636363636,25841.86,UK
Honda,CR-V,2016,115096,165,Manual,Diesel,RWD,Sedan,White,Brown,3,No accident,Dealer,Excellent,Limited,9,12788.444444444443,9614.19,Japan
Kia,Forte,2009,218262,121,Automatic,Gasoline,RWD,Sedan,Silver,Brown,5,No accident,Private,Excellent,Touring,16,13641.375,1500.0,South Korea
Honda,Accord,2014,189220,125,Automatic,Diesel,AWD,SUV,Silver,Brown,5,No accident,Dealer,Excellent,EX,11,17201.81818181818,2969.5,Japan
Volkswagen,Golf,2015,118112,173,Manual,Gasoline,AWD,Sedan,Gray,Gray,5,No accident,Private,Excellent,LX,10,11811.2,8815.77,Germany
Honda,Civic,2020,37636,123,Automatic,Gasoline,AWD,SUV,Gray,Beige,1,No accident,Dealer,Fair,LX,5,7527.2,16610.88,Japan
Acura,TLX,2012,112642,204,Automatic,Electric,FWD,Sedan,White,Beige,5,Major,Private,Fair,EX,13,8664.76923076923,8546.92,Japan
BMW,5 Series,2024,500,242,Manual,Gasoline,FWD,Coupe,Red,Gray,1,Minor,Dealer,Excellent,EX,1,500.0,42865.81,Germany
Acura,TLX,2014,50210,296,Manual,Electric,FWD,Sedan,Black,Black,5,Minor,Dealer,Good,LX,11,4564.545454545455,19545.01,Japan
Audi,Q7,2023,51826,322,Automatic,Gasoline,RWD,Sedan,Red,Black,1,No accident,Dealer,Excellent,Base,2,25913.0,49037.97,Germany
Volvo,S60,2014,70910,301,Automatic,Diesel,FWD,Wagon,Blue,Beige,4,No accident,Dealer,Good,LX,11,6446.363636363636,22950.93,Sweden
Ford,F-150,2014,231575,198,Automatic,Diesel,FWD,Coupe,Gray,Brown,5,No accident,Dealer,Excellent,Touring,11,21052.272727272728,3720.63,USA
Chevrolet,Malibu,2019,79491,187,Manual,Diesel,FWD,Sedan,Blue,Brown,2,No accident,Dealer,Excellent,LX,6,13248.5,19378.53,USA
Honda,CR-V,2019,79731,123,Automatic,Electric,FWD,SUV,Red,Beige,2,No accident,Dealer,Excellent,Sport,6,13288.5,15128.77,Japan
Toyota,Tacoma,2022,62749,212,Manual,Gasoline,FWD,Sedan,Silver,Black,2,No accident,Private,Good,Touring,3,20916.33333333333,20851.46,Japan
Dodge,Charger,2015,123510,154,Automatic,Gasoline,AWD,SUV,Black,Brown,2,No accident,Dealer,Good,Base,10,12351.0,10901.16,USA
Volkswagen,Tiguan,2017,180335,166,Automatic,Gasoline,AWD,Sedan,Red,Beige,2,No accident,Private,Good,Limited,8,22541.875,7227.84,Germany
Dodge,Challenger,2019,112648,195,Manual,Electric,RWD,SUV,Silver,Brown,4,No accident,Private,Excellent,EX,6,18774.666666666668,17530.7,USA
Land Rover,Range Rover,2014,280584,377,Manual,Diesel,AWD,SUV,Gray,Brown,5,No accident,Private,Good,Limited,11,25507.636363636364,17764.89,UK
Lexus,GX,2019,60929,237,Automatic,Gasoline,RWD,SUV,Gray,Beige,3,No accident,Dealer,Fair,Sport,6,10154.833333333334,24747.56,Japan
Volvo,XC90,2023,19737,298,Automatic,Diesel,FWD,Wagon,Black,Brown,5,Minor,Private,Good,LX,2,9868.5,39051.72,Sweden
Audi,Q5,2017,129035,282,Automatic,Gasoline,RWD,Sedan,Silver,Black,5,No accident,Private,Good,Touring,8,16129.375,23880.59,Germany
Volkswagen,Atlas,2024,18589,164,Manual,Gasoline,FWD,Sedan,Silver,Beige,1,No accident,Dealer,Good,Limited,1,18589.0,25989.87,Germany
Toyota,Tacoma,2019,87234,161,Manual,Diesel,FWD,Sedan,Gray,Beige,2,Minor,Dealer,Excellent,Base,6,14539.0,14404.1,Japan
Dodge,Charger,2016,157452,169,Automatic,Electric,RWD,Sedan,White,Gray,5,No accident,Dealer,Fair,Limited,9,17494.666666666668,9915.33,USA
GMC,Sierra,2018,136651,220,Manual,Diesel,AWD,Pickup Truck,Gray,Gray,5,No accident,Dealer,Excellent,Sport,7,19521.571428571428,20623.8,USA
Toyota,RAV4,2021,63063,168,Automatic,Diesel,FWD,Sedan,White,Beige,3,Minor,Dealer,Fair,Sport,4,15765.75,16087.78,Japan
BMW,X3,2018,38081,342,Manual,Diesel,FWD,Coupe,Gray,Beige,3,No accident,Dealer,Excellent,Base,7,5440.142857142857,32033.59,Germany
Audi,Q7,2014,69319,325,Manual,Diesel,RWD,SUV,Blue,Beige,4,No accident,Dealer,Good,Base,11,6301.727272727273,25125.99,Germany
Jeep,Wrangler,2015,100074,196,Automatic,Gasoline,FWD,SUV,Silver,Black,3,No accident,Dealer,Fair,Limited,10,10007.4,11743.74,USA
Honda,Odyssey,2018,74437,111,Automatic,Gasoline,AWD,SUV,Gray,Gray,3,No accident,Dealer,Excellent,Sport,7,10633.857142857143,13316.89,Japan
GMC,Yukon,2022,38293,235,Manual,Gasoline,FWD,Pickup Truck,Red,Black,3,No accident,Private,Fair,Sport,3,12764.333333333334,28488.65,USA
BMW,X3,2019,88274,298,Automatic,Gasoline,AWD,SUV,Silver,Beige,5,No accident,Private,Excellent,LX,6,14712.333333333334,30744.46,Germany
Nissan,Sentra,2019,96576,117,Automatic,Gasoline,RWD,Sedan,Gray,Brown,5,No accident,Dealer,Good,Limited,6,16096.0,10497.49,Japan
Nissan,Altima,2021,51104,135,Automatic,Diesel,FWD,SUV,Gray,Gray,4,No accident,Private,Excellent,Sport,4,12776.0,18008.25,Japan
Volkswagen,Passat,2018,129600,133,Automatic,Gasoline,RWD,Hatchback,Blue,Beige,4,No accident,Dealer,Good,EX,7,18514.285714285717,10910.32,Germany
Porsche,911,2020,137302,467,Manual,Diesel,RWD,Sedan,Red,Beige,3,No accident,Private,Excellent,Sport,5,27460.4,51540.08,Germany
Jeep,Compass,2019,55548,181,Manual,Diesel,RWD,SUV,Gray,Brown,5,No accident,Private,Fair,Limited,6,9258.0,17936.08,USA
GMC,Acadia,2021,55824,241,Manual,Gasoline,FWD,Pickup Truck,Silver,Brown,1,Minor,Dealer,Good,EX,4,13956.0,28375.42,USA
Volvo,XC60,2011,257333,306,Automatic,Diesel,FWD,SUV,Silver,Black,5,No accident,Dealer,Excellent,Limited,14,18380.92857142857,9273.15,Sweden
Jeep,Compass,2018,162967,190,Manual,Diesel,AWD,SUV,Red,Black,1,No accident,Dealer,Fair,Sport,7,23281.0,14176.9,USA
Nissan,Altima,2017,123331,139,Manual,Electric,FWD,Pickup Truck,Black,Brown,3,No accident,Private,Good,EX,8,15416.375,8342.91,Japan
Jeep,Cherokee,2016,59220,209,Manual,Gasoline,AWD,SUV,Red,Gray,5,Minor,Private,Good,Touring,9,6580.0,15330.12,USA
Cadillac,XT5,2018,112217,321,Manual,Gasoline,FWD,Sedan,Blue,Brown,5,No accident,Dealer,Good,EX,7,16031.0,29050.05,USA
Chrysler,Pacifica,2018,135040,213,Automatic,Gasoline,RWD,Sedan,Gray,Gray,2,No accident,Private,Excellent,Sport,7,19291.42857142857,19158.12,USA
Cadillac,Escalade,2023,27418,331,Automatic,Electric,RWD,Sedan,Gray,Gray,1,No accident,Dealer,Good,Touring,2,13709.0,54606.16,USA
Audi,A4,2014,205952,336,Manual,Gasoline,AWD,SUV,Red,Gray,5,Minor,Dealer,Fair,Sport,11,18722.90909090909,13737.15,Germany
GMC,Terrain,2015,118549,255,Automatic,Gasoline,FWD,SUV,White,Brown,5,No accident,Dealer,Excellent,Limited,10,11854.9,14561.91,USA
Jeep,Cherokee,2019,67300,158,Manual,Electric,FWD,SUV,Red,Beige,3,No accident,Dealer,Excellent,Base,6,11216.666666666666,18852.87,USA
Dodge,Durango,2017,146295,180,Manual,Gasoline,FWD,Sedan,Black,Beige,2,No accident,Dealer,Good,LX,8,18286.875,12212.9,USA
Mercedes-Benz,S-Class,2015,56665,334,Automatic,Gasoline,RWD,Sedan,Silver,Brown,5,Minor,Dealer,Fair,Limited,10,5666.5,21981.32,Germany
Honda,CR-V,2018,76025,159,Automatic,Gasoline,FWD,Minivan,White,Brown,3,Minor,Dealer,Excellent,Limited,7,10860.714285714286,12517.98,Japan
Jeep,Grand Cherokee,2015,176617,206,Manual,Electric,RWD,SUV,Black,Black,5,No accident,Dealer,Good,EX,10,17661.7,9984.29,USA
Cadillac,Lyriq,2008,281424,254,Manual,Electric,RWD,SUV,Red,Brown,5,No accident,Dealer,Excellent,Limited,17,16554.352941176472,4013.25,USA
Dodge,Durango,2017,101069,199,Automatic,Electric,AWD,Sedan,White,Brown,3,No accident,Dealer,Good,Touring,8,12633.625,16257.35,USA
Chevrolet,Tahoe,2020,73998,188,Manual,Gasoline,FWD,Pickup Truck,Black,Beige,4,No accident,Dealer,Good,Touring,5,14799.6,20344.35,USA
Land Rover,Range Rover,2019,127079,458,Manual,Electric,FWD,SUV,Silver,Gray,4,No accident,Private,Excellent,Touring,6,21179.83333333333,42537.42,UK
Chevrolet,Malibu,2023,30441,159,Automatic,Electric,FWD,Coupe,Red,Beige,1,Minor,Private,Excellent,EX,2,15220.5,25169.15,USA
GMC,Yukon,2020,10018,203,Manual,Diesel,AWD,Pickup Truck,White,Beige,3,No accident,Dealer,Good,Touring,5,2003.6,31025.04,USA
Dodge,Durango,2019,87090,185,Automatic,Gasoline,AWD,Coupe,Blue,Gray,3,No accident,Dealer,Excellent,Base,6,14515.0,19599.42,USA
Jeep,Wrangler,2021,72526,195,Automatic,Diesel,AWD,SUV,Silver,Gray,2,Minor,Dealer,Excellent,Limited,4,18131.5,22352.1,USA
Volvo,XC60,2020,81055,356,Automatic,Diesel,AWD,Wagon,Black,Gray,4,No accident,Private,Excellent,Touring,5,16211.0,31174.46,Sweden
Porsche,911,2011,184320,447,Automatic,Gasoline,AWD,Coupe,Black,Beige,5,No accident,Dealer,Good,Sport,14,13165.714285714286,22100.05,Germany
Cadillac,XT5,2018,118825,335,Automatic,Electric,FWD,Sedan,Red,Brown,4,No accident,Dealer,Excellent,Touring,7,16975.0,34653.2,USA
Kia,Optima,2015,177270,139,Automatic,Diesel,AWD,Sedan,Silver,Beige,5,No accident,Dealer,Good,Limited,10,17727.0,3715.43,South Korea
Land Rover,Range Rover,2016,148414,380,Automatic,Diesel,FWD,SUV,Red,Brown,5,No accident,Dealer,Good,Limited,9,16490.444444444445,32949.27,UK
Porsche,Panamera,2012,259610,522,Manual,Gasoline,FWD,SUV,Red,Black,5,No accident,Dealer,Good,Touring,13,19970.0,22282.36,Germany
Nissan,Titan,2020,94027,173,Automatic,Diesel,AWD,Sedan,Gray,Brown,3,Minor,Private,Good,LX,5,18805.4,13541.05,Japan
Audi,Q7,2009,300000,341,Manual,Electric,RWD,Sedan,Silver,Black,5,No accident,Private,Good,Base,16,18750.0,4604.72,Germany
Jeep,Cherokee,2020,104935,140,Automatic,Electric,AWD,SUV,White,Gray,2,No accident,Dealer,Good,LX,5,20987.0,19899.13,USA
Volkswagen,Tiguan,2016,116877,209,Manual,Diesel,AWD,SUV,Red,Beige,4,No accident,Dealer,Fair,Touring,9,12986.333333333334,9381.33,Germany
Cadillac,Escalade,2015,79124,354,Manual,Electric,RWD,SUV,Black,Beige,3,No accident,Dealer,Excellent,EX,10,7912.4,30117.38,USA
Chrysler,Pacifica,2020,56234,224,Automatic,Gasoline,FWD,Minivan,White,Black,4,No accident,Private,Fair,Limited,5,11246.8,22544.54,USA
Mazda,CX-5,2018,177423,153,Manual,Electric,RWD,Hatchback,Gray,Beige,3,No accident,Private,Excellent,EX,7,25346.14285714286,8566.95,Japan
Volvo,V60,2011,226654,305,Automatic,Diesel,RWD,SUV,Red,Beige,5,Major,Dealer,Good,EX,14,16189.57142857143,7622.54,Sweden
Cadillac,Lyriq,2009,300000,317,Automatic,Gasoline,FWD,SUV,Red,Brown,5,No accident,Dealer,Good,Sport,16,18750.0,5574.9,USA
GMC,Acadia,2014,297646,180,Manual,Diesel,FWD,SUV,White,Brown,3,No accident,Dealer,Excellent,EX,11,27058.727272727272,3311.31,USA
Subaru,Impreza,2017,103023,175,Automatic,Electric,AWD,Sedan,Silver,Beige,3,No accident,Dealer,Excellent,Touring,8,12877.875,14226.81,Japan
Volvo,XC90,2021,93322,304,Automatic,Diesel,RWD,SUV,Gray,Black,1,Minor,Dealer,Good,EX,4,23330.5,32198.2,Sweden
GMC,Sierra,2019,101096,270,Manual,Gasoline,RWD,SUV,Red,Beige,2,No accident,Dealer,Excellent,EX,6,16849.333333333332,23827.49,USA
Hyundai,Tucson,2023,45222,131,Automatic,Gasoline,RWD,Sedan,Black,Black,1,No accident,Dealer,Good,EX,2,22611.0,20342.19,South Korea
Porsche,Cayenne,2021,16123,464,Automatic,Diesel,FWD,Coupe,Gray,Brown,3,No accident,Private,Fair,Sport,4,4030.75,50250.84,Germany
Hyundai,Sonata,2009,260280,179,Manual,Diesel,RWD,Sedan,Blue,Brown,5,No accident,Dealer,Excellent,Base,16,16267.5,1500.0,South Korea
Nissan,Rogue,2009,219585,166,Automatic,Gasoline,FWD,Pickup Truck,Red,Gray,5,Major,Private,Good,LX,16,13724.0625,1500.0,Japan
Cadillac,Escalade,2015,191346,330,Automatic,Electric,FWD,Sedan,Silver,Gray,4,No accident,Private,Good,LX,10,19134.6,20186.11,USA
Mercedes-Benz,S-Class,2020,2979,310,Manual,Gasoline,RWD,Sedan,Red,Black,3,No accident,Private,Excellent,LX,5,595.8,37717.45,Germany
Honda,Odyssey,2022,40313,168,Automatic,Diesel,FWD,Minivan,Gray,Brown,2,Minor,Dealer,Fair,EX,3,13437.666666666666,17033.37,Japan
Dodge,Challenger,2018,87825,211,Automatic,Gasoline,RWD,Coupe,Blue,Gray,3,No accident,Dealer,Excellent,Sport,7,12546.42857142857,18536.36,USA
Hyundai,Elantra,2018,111175,95,Automatic,Diesel,RWD,SUV,Blue,Black,5,Minor,Dealer,Fair,Touring,7,15882.142857142857,7664.97,South Korea
Chevrolet,Malibu,2013,131000,195,Manual,Electric,AWD,Sedan,White,Gray,5,No accident,Dealer,Good,EX,12,10916.666666666666,8678.5,USA
Mercedes-Benz,C-Class,2017,138813,287,Manual,Gasoline,AWD,Sedan,Silver,Gray,5,Minor,Private,Good,Base,8,17351.625,21974.68,Germany
Mercedes-Benz,S-Class,2025,1053,355,Automatic,Diesel,RWD,Coupe,White,Beige,1,Minor,Dealer,Good,Sport,1,1053.0,45660.39,Germany
Volkswagen,Passat,2019,56730,178,Automatic,Gasoline,FWD,Hatchback,White,Beige,3,No accident,Dealer,Good,LX,6,9455.0,16960.66,Germany
Lexus,NX,2010,255741,321,Manual,Electric,AWD,Sedan,White,Gray,5,Minor,Dealer,Good,Touring,15,17049.4,5514.84,Japan
GMC,Sierra,2023,40127,242,Manual,Electric,AWD,SUV,Silver,Brown,1,No accident,Dealer,Good,Touring,2,20063.5,34929.18,USA
Nissan,Pathfinder,2008,292524,207,Manual,Gasoline,AWD,SUV,White,Black,5,Minor,Dealer,Excellent,Touring,17,17207.29411764706,1500.0,Japan
Porsche,Panamera,2015,200953,424,Manual,Gasoline,RWD,Sedan,Silver,Brown,3,No accident,Dealer,Excellent,Base,10,20095.3,31658.93,Germany
Toyota,Camry,2019,154042,188,Automatic,Diesel,FWD,SUV,Silver,Beige,3,Minor,Dealer,Good,Limited,6,25673.666666666668,10139.82,Japan
Mazda,Mazda6,2025,7413,136,Manual,Electric,FWD,Hatchback,Silver,Brown,1,Minor,Dealer,Excellent,Sport,1,7413.0,25403.82,Japan
GMC,Acadia,2021,47320,233,Automatic,Electric,FWD,SUV,Gray,Brown,5,No accident,Private,Excellent,Base,4,11830.0,29157.1,USA
Mazda,CX-5,2016,176920,98,Automatic,Electric,RWD,Sedan,Silver,Gray,5,No accident,Dealer,Excellent,EX,9,19657.777777777777,4925.89,Japan
Audi,A6,2017,151509,282,Manual,Electric,FWD,Sedan,Blue,Black,3,No accident,Dealer,Excellent,EX,8,18938.625,24390.84,Germany
Audi,A6,2014,221963,276,Manual,Gasoline,RWD,SUV,Blue,Black,3,Minor,Dealer,Good,Touring,11,20178.454545454544,12515.63,Germany
Honda,Odyssey,2025,3363,208,Automatic,Gasoline,RWD,Minivan,Silver,Beige,1,No accident,Dealer,Good,Limited,1,3363.0,24392.03,Japan
Volvo,XC90,2012,210006,269,Manual,Gasoline,RWD,Wagon,Gray,Beige,5,No accident,Private,Excellent,Base,13,16154.307692307691,11560.32,Sweden
BMW,X3,2015,195561,286,Manual,Electric,FWD,SUV,Silver,Gray,4,Minor,Private,Good,EX,10,19556.1,13352.39,Germany
Honda,Odyssey,2015,104334,171,Manual,Diesel,AWD,Minivan,Red,Beige,1,No accident,Dealer,Good,Base,10,10433.4,9435.54,Japan
Audi,Q7,2013,249900,339,Manual,Gasoline,FWD,Sedan,Red,Beige,5,No accident,Dealer,Good,Limited,12,20825.0,12206.12,Germany
Volvo,S60,2019,77744,247,Automatic,Electric,FWD,Sedan,Red,Black,4,No accident,Dealer,Excellent,EX,6,12957.333333333334,32582.94,Sweden
Volvo,S60,2020,97336,288,Automatic,Gasoline,RWD,SUV,Gray,Gray,3,No accident,Private,Excellent,Sport,5,19467.2,30048.93,Sweden
Ram,3500,2018,60365,218,Manual,Diesel,RWD,Pickup Truck,Silver,Black,5,No accident,Dealer,Excellent,Touring,7,8623.57142857143,21661.7,USA
GMC,Terrain,2008,300000,238,Automatic,Diesel,AWD,Pickup Truck,Blue,Gray,5,No accident,Dealer,Good,Touring,17,17647.058823529413,1500.0,USA
Volkswagen,Jetta,2018,121733,186,Automatic,Gasoline,FWD,Hatchback,White,Black,4,No accident,Private,Good,Limited,7,17390.428571428572,12914.12,Germany
Land Rover,Discovery,2017,157121,384,Automatic,Gasoline,AWD,SUV,Black,Black,4,No accident,Dealer,Fair,Sport,8,19640.125,30825.72,UK
Dodge,Durango,2017,121990,181,Automatic,Diesel,AWD,SUV,Black,Brown,5,No accident,Dealer,Good,Sport,8,15248.75,14593.08,USA
Jeep,Cherokee,2018,72497,221,Automatic,Diesel,AWD,SUV,Gray,Gray,5,No accident,Dealer,Good,Limited,7,10356.714285714286,19829.83,USA
Honda,Civic,2016,115282,148,Manual,Diesel,FWD,Minivan,White,Beige,5,Minor,Dealer,Good,Sport,9,12809.111111111111,9073.16,Japan
GMC,Acadia,2019,133073,246,Manual,Electric,RWD,SUV,Silver,Beige,3,No accident,Dealer,Good,Base,6,22178.83333333333,22028.86,USA
Jeep,Wrangler,2023,55774,179,Manual,Electric,FWD,SUV,Red,Gray,3,No accident,Dealer,Good,Touring,2,27887.0,29506.06,USA
Mercedes-Benz,S-Class,2021,32863,327,Automatic,Diesel,RWD,SUV,Black,Beige,2,No accident,Dealer,Fair,Limited,4,8215.75,34081.53,Germany
Mazda,Mazda3,2017,179885,118,Manual,Diesel,AWD,Hatchback,White,Black,5,No accident,Private,Fair,Touring,8,22485.625,5175.27,Japan
Hyundai,Elantra,2016,229788,113,Manual,Electric,FWD,Sedan,Silver,Black,5,No accident,Dealer,Excellent,Base,9,25532.0,1500.0,South Korea
Nissan,Altima,2016,115909,160,Manual,Gasoline,FWD,Pickup Truck,Gray,Brown,1,Minor,Dealer,Good,Base,9,12878.777777777776,7600.35,Japan
Jeep,Wrangler,2017,115785,255,Manual,Electric,RWD,SUV,Black,Black,5,Minor,Private,Excellent,EX,8,14473.125,13925.73,USA
Honda,CR-V,2017,57199,149,Manual,Diesel,FWD,SUV,Blue,Black,5,No accident,Private,Excellent,Touring,8,7149.875,13371.32,Japan
Dodge,Challenger,2015,121993,195,Manual,Electric,RWD,SUV,Gray,Black,2,Minor,Dealer,Excellent,Limited,10,12199.3,10800.08,USA
BMW,3 Series,2022,78861,310,Automatic,Diesel,FWD,Coupe,Blue,Beige,1,Minor,Dealer,Excellent,Limited,3,26287.0,39078.58,Germany
BMW,X3,2015,84928,268,Manual,Gasoline,RWD,SUV,Gray,Beige,5,No accident,Dealer,Fair,EX,10,8492.8,18220.9,Germany
Kia,Sportage,2020,82116,120,Manual,Electric,AWD,SUV,White,Brown,1,No accident,Dealer,Good,EX,5,16423.2,14614.3,South Korea
Chrysler,300,2020,107464,271,Automatic,Gasoline,RWD,Sedan,Blue,Beige,2,No accident,Private,Excellent,EX,5,21492.8,24760.41,USA
Ford,Escape,2021,83494,135,Automatic,Diesel,FWD,SUV,White,Gray,1,Minor,Dealer,Excellent,Limited,4,20873.5,18057.59,USA
Porsche,Cayenne,2020,6510,451,Automatic,Gasoline,RWD,Sedan,Red,Beige,5,No accident,Dealer,Good,Limited,5,1302.0,55396.34,Germany
Honda,Accord,2011,230060,201,Automatic,Diesel,RWD,Minivan,Silver,Brown,5,No accident,Dealer,Good,Base,14,16432.85714285714,1500.0,Japan
Volvo,S60,2013,94396,347,Automatic,Gasoline,RWD,Sedan,Blue,Black,5,Minor,Private,Excellent,Limited,12,7866.333333333333,20205.65,Sweden
Porsche,Cayenne,2017,135960,429,Automatic,Diesel,RWD,Sedan,Black,Gray,3,No accident,Dealer,Good,EX,8,16995.0,39232.48,Germany
Toyota,Camry,2012,258545,111,Manual,Diesel,AWD,Pickup Truck,Gray,Beige,3,Minor,Dealer,Excellent,LX,13,19888.07692307692,1500.0,Japan
Cadillac,CT5,2017,120488,372,Automatic,Diesel,FWD,Sedan,White,Black,3,No accident,Private,Good,Base,8,15061.0,26854.22,USA
BMW,5 Series,2018,109967,277,Manual,Gasoline,AWD,Coupe,Black,Black,5,Minor,Dealer,Excellent,Base,7,15709.57142857143,22649.07,Germany
Volkswagen,Atlas,2014,228450,160,Automatic,Electric,FWD,Sedan,Blue,Brown,4,No accident,Dealer,Excellent,EX,11,20768.18181818182,2417.47,Germany
Subaru,Impreza,2019,65166,155,Automatic,Electric,AWD,Sedan,Silver,Beige,4,Minor,Private,Good,EX,6,10861.0,13911.91,Japan
Toyota,Highlander,2017,101061,90,Manual,Gasoline,RWD,Sedan,Blue,Brown,2,No accident,Dealer,Excellent,Limited,8,12632.625,11263.61,Japan
Volkswagen,Tiguan,2019,56596,176,Manual,Electric,FWD,Sedan,Red,Black,2,Minor,Private,Good,Sport,6,9432.666666666666,14376.42,Germany
Mazda,CX-9,2025,9160,223,Automatic,Gasoline,FWD,Sedan,Gray,Gray,1,No accident,Dealer,Good,LX,1,9160.0,28413.58,Japan
Chrysler,Pacifica,2016,147273,184,Manual,Diesel,FWD,Sedan,Black,Brown,3,No accident,Dealer,Excellent,LX,9,16363.666666666666,12394.74,USA
Porsche,Macan,2017,37260,406,Manual,Gasoline,RWD,Sedan,Black,Brown,5,No accident,Dealer,Excellent,EX,8,4657.5,46104.52,Germany
Volkswagen,Jetta,2015,65494,132,Automatic,Electric,AWD,Hatchback,Silver,Black,5,No accident,Dealer,Good,Touring,10,6549.4,10931.39,Germany
Land Rover,Discovery,2013,59443,466,Manual,Gasoline,RWD,SUV,Red,Beige,5,No accident,Dealer,Good,Touring,12,4953.583333333333,31697.47,UK
Mazda,CX-5,2016,207016,153,Automatic,Gasoline,RWD,Hatchback,Gray,Black,5,No accident,Private,Fair,EX,9,23001.777777777777,4008.16,Japan
Acura,MDX,2025,1457,237,Manual,Gasoline,AWD,SUV,White,Black,1,No accident,Private,Fair,Base,1,1457.0,38155.62,Japan
Porsche,Panamera,2017,138440,418,Manual,Gasoline,AWD,Coupe,White,Beige,3,No accident,Dealer,Good,EX,8,17305.0,42284.65,Germany
Toyota,RAV4,2021,54170,131,Manual,Electric,AWD,Sedan,White,Beige,2,No accident,Private,Excellent,EX,4,13542.5,17516.49,Japan
Toyota,RAV4,2018,53138,159,Manual,Electric,AWD,Pickup Truck,Red,Gray,2,No accident,Dealer,Excellent,Base,7,7591.142857142857,16253.75,Japan
GMC,Sierra,2012,208738,215,Manual,Gasoline,AWD,SUV,Gray,Gray,5,No accident,Dealer,Good,LX,13,16056.76923076923,6323.06,USA
Dodge,Challenger,2018,95373,189,Automatic,Electric,RWD,SUV,Blue,Black,4,No accident,Dealer,Excellent,Limited,7,13624.714285714286,18585.97,USA
Tesla,Model S,2020,65659,354,Automatic,Electric,AWD,Sedan,Blue,Black,1,Minor,Dealer,Good,Sport,5,13131.8,34998.0,USA
Porsche,Cayenne,2019,88080,379,Manual,Gasoline,AWD,Sedan,Gray,Black,5,Minor,Dealer,Good,Limited,6,14680.0,39961.44,Germany
GMC,Acadia,2018,114042,231,Manual,Electric,RWD,SUV,Black,Brown,3,No accident,Dealer,Excellent,Limited,7,16291.714285714286,20093.99,USA
Dodge,Charger,2023,22941,206,Manual,Gasoline,RWD,Sedan,White,Black,1,No accident,Dealer,Good,Limited,2,11470.5,28958.95,USA
BMW,X3,2015,142830,327,Automatic,Diesel,FWD,Coupe,Silver,Brown,5,Major,Dealer,Good,Touring,10,14283.0,15571.13,Germany
Subaru,Outback,2015,28556,130,Manual,Electric,AWD,SUV,Silver,Gray,3,Minor,Private,Good,EX,10,2855.6,12079.78,Japan
Mercedes-Benz,GLE,2015,233417,298,Automatic,Diesel,RWD,Sedan,White,Beige,5,No accident,Private,Excellent,Sport,10,23341.7,15930.78,Germany
Honda,Odyssey,2013,178519,138,Manual,Diesel,FWD,SUV,Black,Black,3,No accident,Private,Good,LX,12,14876.583333333334,2662.25,Japan
Audi,A4,2018,125730,309,Automatic,Electric,FWD,SUV,Red,Brown,2,No accident,Private,Good,EX,7,17961.428571428572,29205.36,Germany
Jeep,Cherokee,2022,64208,163,Automatic,Gasoline,FWD,SUV,White,Black,2,No accident,Dealer,Excellent,Sport,3,21402.666666666668,26985.54,USA
Dodge,Charger,2020,58635,220,Manual,Gasoline,AWD,Coupe,Blue,Beige,1,Minor,Dealer,Good,Sport,5,11727.0,21213.88,USA
Mazda,Mazda6,2011,88563,131,Manual,Diesel,FWD,SUV,Blue,Black,5,Minor,Dealer,Good,Base,14,6325.928571428572,5532.77,Japan
Jeep,Wrangler,2017,125615,194,Manual,Gasoline,AWD,SUV,Red,Black,1,No accident,Private,Excellent,LX,8,15701.875,14924.19,USA
Acura,Integra,2020,78383,228,Automatic,Electric,FWD,SUV,White,Beige,4,No accident,Dealer,Good,Limited,5,15676.6,29948.37,Japan
Subaru,Impreza,2021,24821,132,Automatic,Electric,AWD,Sedan,Silver,Brown,1,Major,Dealer,Good,LX,4,6205.25,15221.67,Japan
Hyundai,Santa Fe,2017,150615,111,Manual,Electric,RWD,SUV,Gray,Black,5,Minor,Private,Good,Touring,8,18826.875,5822.5,South Korea
Chrysler,300,2016,90452,201,Manual,Electric,FWD,Sedan,White,Black,3,Minor,Dealer,Good,EX,9,10050.222222222224,15424.87,USA
Toyota,RAV4,2011,223477,142,Automatic,Electric,AWD,Pickup Truck,Red,Black,5,No accident,Dealer,Good,Limited,14,15962.642857142857,1500.0,Japan
Mazda,CX-5,2018,95254,102,Automatic,Gasoline,AWD,Hatchback,Black,Beige,5,No accident,Dealer,Excellent,Touring,7,13607.714285714286,11997.92,Japan
Mercedes-Benz,GLE,2016,122762,313,Automatic,Gasoline,AWD,SUV,Blue,Beige,4,No accident,Private,Excellent,Touring,9,13640.222222222224,24321.92,Germany
Volkswagen,Golf,2024,569,184,Automatic,Electric,AWD,SUV,White,Beige,1,Minor,Dealer,Good,EX,1,569.0,25803.46,Germany
Jeep,Wrangler,2016,159314,222,Automatic,Gasoline,AWD,SUV,Blue,Gray,3,No accident,Dealer,Good,Touring,9,17701.555555555555,11356.62,USA
Volkswagen,Atlas,2016,94329,179,Automatic,Electric,AWD,SUV,Silver,Gray,5,Major,Dealer,Excellent,Limited,9,10481.0,9557.65,Germany
Jeep,Wrangler,2014,82893,236,Automatic,Diesel,FWD,SUV,Gray,Gray,4,Minor,Dealer,Excellent,Touring,11,7535.727272727273,12776.49,USA
Hyundai,Sonata,2017,93494,110,Automatic,Electric,RWD,Sedan,Red,Gray,5,No accident,Private,Good,Sport,8,11686.75,8847.53,South Korea
Mercedes-Benz,GLE,2019,83495,296,Automatic,Gasoline,AWD,Coupe,Black,Beige,4,No accident,Dealer,Good,Base,6,13915.833333333334,34403.38,Germany
Mazda,Mazda6,2020,89720,177,Automatic,Electric,FWD,Hatchback,White,Brown,3,No accident,Dealer,Excellent,Base,5,17944.0,16414.11,Japan
Volkswagen,Golf,2016,141849,128,Manual,Electric,FWD,Hatchback,Black,Beige,5,No accident,Dealer,Excellent,Base,9,15761.0,7938.27,Germany
Audi,A6,2019,71654,239,Automatic,Electric,RWD,Sedan,Red,Brown,1,No accident,Dealer,Excellent,Base,6,11942.333333333334,34599.07,Germany
Toyota,Highlander,2016,111179,175,Manual,Diesel,FWD,SUV,Black,Black,3,No accident,Dealer,Excellent,EX,9,12353.222222222224,10119.91,Japan
Dodge,Charger,2020,53293,204,Manual,Diesel,RWD,Coupe,White,Black,5,Minor,Dealer,Fair,Touring,5,10658.6,18289.92,USA
Acura,TLX,2011,119300,265,Manual,Gasoline,AWD,Sedan,White,Beige,5,No accident,Dealer,Good,Limited,14,8521.42857142857,13059.2,Japan
Tesla,Model X,2013,190653,390,Automatic,Electric,RWD,SUV,Silver,Black,3,No accident,Dealer,Fair,Limited,12,15887.75,17262.65,USA
Mazda,Mazda6,2020,76634,132,Automatic,Gasoline,FWD,SUV,Blue,Gray,3,No accident,Dealer,Good,Limited,5,15326.8,14753.64,Japan
Lexus,GX,2013,113777,221,Automatic,Electric,RWD,Sedan,White,Beige,5,No accident,Dealer,Good,LX,12,9481.416666666666,16047.28,Japan
Honda,Accord,2009,172797,126,Manual,Diesel,RWD,SUV,Red,Black,5,No accident,Dealer,Excellent,Sport,16,10799.8125,1500.0,Japan
Chevrolet,Silverado,2020,124463,123,Automatic,Gasoline,AWD,Coupe,Gray,Brown,1,No accident,Private,Excellent,Limited,5,24892.6,17369.63,USA
Mazda,CX-5,2022,11296,165,Manual,Diesel,RWD,Hatchback,Blue,Gray,2,Major,Dealer,Good,EX,3,3765.3333333333335,17745.18,Japan
Hyundai,Santa Fe,2021,53788,130,Manual,Diesel,AWD,SUV,Black,Black,1,Major,Dealer,Fair,Base,4,13447.0,10763.98,South Korea
Chrysler,300,2015,234081,156,Manual,Electric,RWD,Sedan,Red,Black,3,No accident,Dealer,Excellent,EX,10,23408.1,7034.19,USA
Toyota,Tacoma,2015,113443,122,Manual,Electric,FWD,SUV,Gray,Beige,5,No accident,Private,Fair,LX,10,11344.3,6629.49,Japan
Audi,A6,2019,49493,281,Automatic,Diesel,FWD,SUV,Gray,Black,3,No accident,Dealer,Excellent,Touring,6,8248.833333333334,34342.23,Germany
Chrysler,Pacifica,2013,183948,188,Automatic,Gasoline,RWD,Sedan,Gray,Gray,5,No accident,Private,Good,Base,12,15329.0,6696.16,USA
Audi,A4,2018,98042,313,Automatic,Electric,RWD,SUV,Silver,Gray,4,No accident,Dealer,Excellent,Sport,7,14006.0,32680.86,Germany
Nissan,Altima,2015,96715,104,Manual,Electric,FWD,Sedan,Red,Black,3,Major,Dealer,Good,Base,10,9671.5,5750.62,Japan
GMC,Acadia,2012,233607,259,Automatic,Electric,FWD,Pickup Truck,Gray,Brown,5,Minor,Private,Good,Limited,13,17969.76923076923,5401.44,USA
Volvo,XC90,2011,182493,343,Automatic,Diesel,RWD,SUV,Silver,Beige,5,No accident,Dealer,Good,Limited,14,13035.214285714286,13628.37,Sweden
Mercedes-Benz,S-Class,2024,15136,343,Automatic,Diesel,AWD,SUV,White,Gray,2,No accident,Dealer,Excellent,Base,1,15136.0,54548.71,Germany
Honda,Odyssey,2016,121381,125,Automatic,Diesel,RWD,Sedan,Blue,Gray,4,No accident,Private,Good,LX,9,13486.777777777776,7132.15,Japan
BMW,3 Series,2020,88024,334,Automatic,Gasoline,RWD,Coupe,Red,Gray,4,No accident,Dealer,Good,Base,5,17604.8,32960.89,Germany
Kia,Sorento,2016,265462,154,Manual,Diesel,AWD,SUV,White,Gray,5,No accident,Dealer,Good,Base,9,29495.777777777777,1500.0,South Korea
Hyundai,Sonata,2013,223360,105,Manual,Gasoline,AWD,SUV,Silver,Black,5,Minor,Private,Excellent,Base,12,18613.33333333333,1500.0,South Korea
Nissan,Altima,2017,88973,158,Manual,Diesel,AWD,Sedan,Gray,Brown,5,No accident,Dealer,Fair,EX,8,11121.625,10526.38,Japan
Honda,Odyssey,2015,38829,206,Automatic,Diesel,RWD,Minivan,Silver,Gray,5,No accident,Dealer,Excellent,Sport,10,3882.9,13669.03,Japan
Ram,3500,2017,141174,212,Automatic,Gasoline,FWD,Pickup Truck,Red,Beige,2,Minor,Private,Excellent,Base,8,17646.75,14731.63,USA
Dodge,Challenger,2015,249641,168,Automatic,Gasoline,AWD,Sedan,White,Gray,5,No accident,Dealer,Excellent,Limited,10,24964.1,4907.03,USA
Hyundai,Sonata,2024,8836,127,Automatic,Gasoline,FWD,Sedan,Gray,Black,1,No accident,Dealer,Good,EX,1,8836.0,22948.16,South Korea
Jeep,Grand Cherokee,2015,216056,247,Automatic,Diesel,FWD,SUV,White,Gray,3,Major,Dealer,Good,EX,10,21605.6,6489.11,USA
Volkswagen,Jetta,2020,130839,146,Manual,Gasoline,RWD,Hatchback,Silver,Gray,3,Minor,Dealer,Fair,Base,5,26167.8,12434.77,Germany
Mazda,Mazda6,2013,176303,116,Manual,Electric,AWD,Hatchback,Gray,Brown,5,No accident,Dealer,Good,EX,12,14691.916666666666,2743.96,Japan
GMC,Sierra,2022,73726,238,Manual,Gasoline,RWD,Pickup Truck,Black,Gray,1,No accident,Dealer,Excellent,EX,3,24575.33333333333,31724.55,USA
Jeep,Cherokee,2021,91604,193,Manual,Gasoline,RWD,SUV,Black,Brown,1,No accident,Private,Good,Touring,4,22901.0,22765.99,USA
Jeep,Grand Cherokee,2024,16577,212,Automatic,Gasoline,AWD,SUV,White,Beige,1,No accident,Dealer,Good,Base,1,16577.0,34273.04,USA
Toyota,Camry,2014,103209,168,Automatic,Diesel,FWD,SUV,Black,Gray,4,No accident,Dealer,Good,Sport,11,9382.636363636364,8504.89,Japan
Porsche,Cayenne,2014,159288,484,Manual,Diesel,FWD,Coupe,Blue,Black,4,No accident,Private,Good,Sport,11,14480.727272727272,29675.27,Germany
Volkswagen,Tiguan,2018,143860,210,Automatic,Electric,FWD,Hatchback,Gray,Gray,5,Minor,Dealer,Good,Limited,7,20551.42857142857,11896.25,Germany
Lexus,GX,2013,204243,229,Automatic,Gasoline,FWD,Sedan,White,Black,5,No accident,Dealer,Excellent,Touring,12,17020.25,11872.99,Japan
Cadillac,XT5,2018,102395,322,Manual,Gasoline,AWD,SUV,Black,Black,4,No accident,Dealer,Excellent,LX,7,14627.857142857143,36726.3,USA
Dodge,Challenger,2011,258835,128,Manual,Diesel,AWD,Sedan,Red,Beige,3,Major,Dealer,Good,EX,14,18488.214285714286,1500.0,USA
Hyundai,Santa Fe,2021,50552,138,Manual,Electric,FWD,SUV,White,Gray,1,Minor,Dealer,Good,Base,4,12638.0,14378.76,South Korea
Dodge,Charger,2016,199683,268,Manual,Diesel,FWD,Coupe,Silver,Gray,5,No accident,Dealer,Excellent,Touring,9,22187.0,11187.26,USA
Chrysler,Pacifica,2016,85853,198,Manual,Diesel,FWD,Minivan,Blue,Black,5,Minor,Dealer,Good,EX,9,9539.222222222224,14969.18,USA
Dodge,Challenger,2018,74002,211,Automatic,Diesel,FWD,Sedan,Black,Gray,3,No accident,Dealer,Excellent,Sport,7,10571.714285714286,18109.25,USA
Ram,2500,2014,251773,199,Manual,Electric,RWD,Pickup Truck,Silver,Gray,5,Minor,Dealer,Good,LX,11,22888.454545454544,4761.3,USA
Mazda,Mazda6,2023,2812,133,Manual,Diesel,FWD,SUV,Blue,Gray,3,No accident,Dealer,Excellent,Sport,2,1406.0,23867.83,Japan
Ford,Escape,2011,178088,161,Automatic,Gasoline,RWD,Coupe,Gray,Beige,5,No accident,Private,Good,Base,14,12720.57142857143,3023.46,USA
Honda,CR-V,2019,46258,149,Manual,Gasoline,FWD,Sedan,Black,Gray,3,Major,Dealer,Good,Touring,6,7709.666666666667,11988.87,Japan
Dodge,Challenger,2018,66822,198,Manual,Gasoline,FWD,SUV,Blue,Black,1,No accident,Dealer,Good,Touring,7,9546.0,19376.03,USA
Land Rover,Discovery,2015,120025,415,Automatic,Diesel,AWD,SUV,Red,Beige,5,Major,Dealer,Fair,LX,10,12002.5,22465.18,UK
Ford,Mustang,2017,79213,213,Automatic,Diesel,AWD,Sedan,Black,Brown,3,Minor,Private,Excellent,Sport,8,9901.625,13901.78,USA
Audi,Q7,2024,3887,287,Automatic,Electric,FWD,SUV,Silver,Brown,1,No accident,Dealer,Excellent,Touring,1,3887.0,54555.74,Germany
Jeep,Grand Cherokee,2011,194141,194,Manual,Diesel,FWD,SUV,Silver,Beige,5,No accident,Dealer,Good,Base,14,13867.214285714286,3962.51,USA
Land Rover,Range Rover,2011,189072,414,Manual,Diesel,AWD,SUV,Black,Brown,5,No accident,Dealer,Good,Touring,14,13505.142857142857,19860.47,UK
Dodge,Charger,2017,93893,184,Automatic,Gasoline,AWD,Coupe,Red,Brown,4,Minor,Dealer,Excellent,Limited,8,11736.625,15763.8,USA
Cadillac,Lyriq,2017,96913,314,Manual,Gasoline,RWD,SUV,Black,Brown,5,No accident,Private,Excellent,LX,8,12114.125,29857.98,USA
Nissan,Rogue,2019,30756,117,Manual,Diesel,RWD,Pickup Truck,Black,Black,5,No accident,Dealer,Good,Base,6,5126.0,16748.8,Japan
Cadillac,XT5,2019,84962,377,Automatic,Gasoline,FWD,SUV,Black,Black,2,Minor,Dealer,Excellent,Base,6,14160.333333333334,36214.87,USA
Mercedes-Benz,S-Class,2017,112525,351,Automatic,Gasoline,RWD,SUV,White,Gray,2,No accident,Private,Fair,Sport,8,14065.625,24158.27,Germany
Honda,Civic,2019,177702,147,Manual,Diesel,AWD,Sedan,White,Black,4,No accident,Private,Excellent,Limited,6,29617.0,9048.36,Japan
GMC,Terrain,2013,176755,268,Automatic,Diesel,RWD,Pickup Truck,Red,Beige,2,No accident,Private,Excellent,Base,12,14729.583333333334,10602.71,USA
Nissan,Altima,2018,84724,147,Manual,Diesel,FWD,SUV,Red,Gray,3,No accident,Private,Good,Sport,7,12103.42857142857,11484.64,Japan
Chevrolet,Tahoe,2024,16404,225,Automatic,Electric,AWD,Sedan,White,Gray,2,No accident,Dealer,Excellent,Sport,1,16404.0,35566.4,USA
Volkswagen,Tiguan,2018,102458,151,Manual,Diesel,FWD,Sedan,Red,Gray,4,No accident,Dealer,Excellent,Base,7,14636.857142857143,13330.19,Germany
Nissan,Sentra,2017,123965,147,Manual,Gasoline,FWD,SUV,Silver,Black,5,Minor,Private,Good,Base,8,15495.625,8325.32,Japan
Ram,3500,2018,81076,245,Manual,Diesel,AWD,Pickup Truck,White,Gray,5,No accident,Dealer,Good,Touring,7,11582.285714285714,22343.77,USA
Dodge,Durango,2017,181962,223,Automatic,Gasoline,FWD,SUV,Silver,Brown,3,No accident,Dealer,Fair,EX,8,22745.25,11208.13,USA
Land Rover,Discovery,2016,37220,371,Manual,Electric,RWD,SUV,Red,Beige,3,No accident,Private,Good,Sport,9,4135.555555555556,37127.33,UK
BMW,5 Series,2015,46991,337,Manual,Diesel,FWD,Sedan,Blue,Black,5,Minor,Dealer,Excellent,Limited,10,4699.1,22361.76,Germany
Porsche,Panamera,2013,112713,479,Manual,Diesel,FWD,Sedan,Black,Brown,5,Major,Dealer,Fair,EX,12,9392.75,19778.69,Germany
Dodge,Durango,2019,126392,183,Manual,Diesel,RWD,Coupe,Gray,Black,5,No accident,Dealer,Good,Touring,6,21065.33333333333,18415.45,USA
Dodge,Charger,2025,500,197,Automatic,Electric,FWD,SUV,Red,Black,1,No accident,Private,Excellent,EX,1,500.0,36758.0,USA
Kia,Forte,2011,242609,100,Manual,Gasoline,FWD,SUV,Blue,Beige,5,No accident,Private,Excellent,Limited,14,17329.214285714286,1500.0,South Korea
BMW,3 Series,2019,53458,316,Automatic,Gasoline,AWD,Sedan,Blue,Beige,3,No accident,Dealer,Excellent,Touring,6,8909.666666666666,35178.86,Germany
Ford,Explorer,2024,24556,167,Manual,Diesel,FWD,SUV,Black,Brown,1,No accident,Dealer,Fair,Sport,1,24556.0,25618.46,USA
Jeep,Grand Cherokee,2013,223907,182,Automatic,Gasoline,AWD,SUV,White,Brown,5,No accident,Dealer,Fair,Sport,12,18658.916666666668,3977.73,USA
BMW,M3,2017,129456,270,Manual,Electric,AWD,Coupe,Black,Brown,5,No accident,Private,Good,Limited,8,16182.0,20755.93,Germany
Ram,1500,2017,53607,211,Manual,Electric,AWD,Pickup Truck,Red,Gray,5,No accident,Dealer,Excellent,Limited,8,6700.875,20319.97,USA
Ford,Escape,2020,82724,202,Manual,Diesel,RWD,Sedan,Red,Brown,1,No accident,Dealer,Excellent,Touring,5,16544.8,20865.23,USA
Ram,3500,2017,142865,172,Automatic,Diesel,FWD,Pickup Truck,Blue,Black,3,No accident,Private,Excellent,LX,8,17858.125,15473.72,USA
Volkswagen,Golf,2013,266540,205,Automatic,Electric,RWD,Sedan,Red,Gray,5,No accident,Dealer,Excellent,Limited,12,22211.666666666668,1500.0,Germany
Dodge,Durango,2014,103661,219,Automatic,Gasoline,FWD,SUV,Silver,Black,5,No accident,Private,Excellent,EX,11,9423.727272727272,12466.05,USA
Chrysler,Pacifica,2025,1789,267,Automatic,Gasoline,FWD,Minivan,Black,Gray,1,No accident,Dealer,Excellent,Sport,1,1789.0,40635.91,USA
Volkswagen,Jetta,2020,96474,135,Automatic,Gasoline,RWD,Hatchback,White,Black,5,No accident,Dealer,Good,Limited,5,19294.8,16160.47,Germany
Volvo,V60,2018,109501,291,Manual,Gasoline,RWD,Wagon,White,Black,3,Minor,Dealer,Excellent,Base,7,15643.0,26764.96,Sweden
Porsche,911,2015,86790,433,Manual,Gasoline,FWD,SUV,Silver,Gray,5,Minor,Dealer,Good,EX,10,8679.0,33167.94,Germany
Hyundai,Sonata,2016,63715,129,Manual,Electric,AWD,Sedan,White,Gray,5,No accident,Dealer,Good,Touring,9,7079.444444444444,9933.59,South Korea
Nissan,Rogue,2012,168305,149,Manual,Diesel,AWD,Sedan,Blue,Beige,5,Minor,Dealer,Good,LX,13,12946.53846153846,1968.14,Japan
Jeep,Cherokee,2017,137826,197,Manual,Gasoline,FWD,SUV,Black,Gray,3,No accident,Dealer,Good,Base,8,17228.25,13799.27,USA
Kia,Forte,2018,77165,90,Manual,Electric,AWD,Sedan,Silver,Beige,4,Minor,Dealer,Good,EX,7,11023.57142857143,9400.37,South Korea
BMW,X3,2012,191398,281,Manual,Gasoline,RWD,Coupe,Black,Black,5,No accident,Dealer,Excellent,LX,13,14722.923076923076,11855.7,Germany
BMW,M3,2016,200354,284,Manual,Gasoline,FWD,Sedan,Gray,Brown,4,No accident,Dealer,Excellent,Base,9,22261.555555555555,19539.11,Germany
Ford,Focus,2019,131714,168,Manual,Diesel,FWD,Pickup Truck,Silver,Black,3,No accident,Dealer,Excellent,Sport,6,21952.33333333333,15773.16,USA
BMW,5 Series,2021,83626,277,Manual,Diesel,FWD,Coupe,Red,Brown,5,No accident,Dealer,Excellent,Limited,4,20906.5,37548.3,Germany
Chevrolet,Silverado,2015,177116,235,Automatic,Diesel,RWD,Pickup Truck,Gray,Beige,5,No accident,Private,Excellent,Limited,10,17711.6,9723.04,USA
Ford,Explorer,2021,43647,207,Manual,Gasoline,FWD,SUV,Blue,Brown,2,No accident,Dealer,Excellent,Touring,4,10911.75,25773.84,USA
Ram,3500,2017,159758,263,Automatic,Gasoline,FWD,Pickup Truck,Red,Beige,1,No accident,Dealer,Excellent,Base,8,19969.75,17365.75,USA
Jeep,Compass,2015,79572,211,Automatic,Gasoline,FWD,SUV,Silver,Black,4,Minor,Dealer,Good,Limited,10,7957.2,12878.27,USA
GMC,Terrain,2020,51814,235,Manual,Electric,RWD,Pickup Truck,Gray,Black,1,Major,Private,Excellent,Base,5,10362.8,20247.42,USA
Honda,Odyssey,2016,123393,135,Automatic,Diesel,FWD,Sedan,Gray,Beige,5,No accident,Private,Excellent,Sport,9,13710.333333333334,8998.4,Japan
Toyota,Highlander,2020,57499,190,Manual,Gasoline,RWD,SUV,Silver,Beige,1,No accident,Private,Excellent,LX,5,11499.8,17471.27,Japan
Honda,Odyssey,2012,272871,136,Automatic,Electric,AWD,Minivan,Gray,Black,5,No accident,Dealer,Excellent,Sport,13,20990.07692307692,1500.0,Japan
Mercedes-Benz,E-Class,2015,102309,318,Automatic,Gasoline,RWD,SUV,Black,Beige,2,No accident,Dealer,Excellent,EX,10,10230.9,26401.58,Germany
Nissan,Pathfinder,2023,26745,128,Automatic,Diesel,FWD,SUV,Gray,Brown,1,No accident,Private,Excellent,Base,2,13372.5,22595.86,Japan
Honda,Pilot,2020,72097,125,Manual,Diesel,RWD,Minivan,Silver,Brown,1,No accident,Dealer,Excellent,Touring,5,14419.4,15643.57,Japan
Chevrolet,Equinox,2018,142719,156,Manual,Diesel,RWD,Coupe,White,Brown,5,No accident,Dealer,Good,Limited,7,20388.42857142857,12204.73,USA
Chrysler,Pacifica,2010,300000,218,Manual,Electric,RWD,Sedan,Red,Black,5,Minor,Dealer,Excellent,Base,15,20000.0,1500.0,USA
Mazda,CX-5,2018,142217,158,Manual,Gasoline,RWD,SUV,Red,Beige,2,Minor,Dealer,Excellent,Limited,7,20316.714285714286,9337.16,Japan
Porsche,Panamera,2021,46954,474,Manual,Diesel,AWD,Coupe,Gray,Beige,2,Minor,Dealer,Good,Limited,4,11738.5,49390.43,Germany
Nissan,Sentra,2021,70635,160,Automatic,Gasoline,AWD,Sedan,White,Brown,1,No accident,Dealer,Good,EX,4,17658.75,17231.54,Japan
Porsche,Panamera,2014,180419,417,Automatic,Gasoline,FWD,Sedan,Red,Black,5,No accident,Dealer,Excellent,Base,11,16401.727272727272,30100.94,Germany
Nissan,Rogue,2014,173193,90,Manual,Diesel,AWD,Pickup Truck,Red,Black,5,No accident,Private,Good,Base,11,15744.818181818182,2342.92,Japan
Nissan,Titan,2020,93177,176,Manual,Diesel,RWD,SUV,Silver,Gray,4,No accident,Private,Good,Touring,5,18635.4,13643.12,Japan
Volkswagen,Jetta,2021,78152,163,Automatic,Electric,AWD,Hatchback,White,Beige,2,Minor,Private,Excellent,Base,4,19538.0,16120.34,Germany
Dodge,Durango,2011,186405,169,Manual,Diesel,AWD,Coupe,Blue,Brown,5,Minor,Private,Good,EX,14,13314.642857142857,3357.85,USA
Land Rover,Discovery,2017,116325,421,Automatic,Electric,RWD,SUV,Red,Brown,3,Minor,Dealer,Excellent,Sport,8,14540.625,33935.95,UK
Dodge,Durango,2018,187519,198,Automatic,Diesel,AWD,Coupe,Gray,Black,2,No accident,Dealer,Excellent,Limited,7,26788.42857142857,12292.44,USA
Volvo,V60,2021,41572,307,Automatic,Diesel,RWD,Wagon,White,Gray,2,No accident,Dealer,Good,Sport,4,10393.0,40501.24,Sweden
Ram,3500,2021,97139,227,Manual,Diesel,RWD,Pickup Truck,Gray,Black,2,No accident,Dealer,Good,Sport,4,24284.75,25282.6,USA
Land Rover,Discovery,2017,89746,454,Automatic,Electric,RWD,SUV,Red,Brown,5,Minor,Dealer,Good,EX,8,11218.25,32793.62,UK
Lexus,ES,2015,213747,271,Automatic,Electric,AWD,Sedan,Black,Gray,5,No accident,Dealer,Excellent,Limited,10,21374.7,16152.92,Japan
Chevrolet,Malibu,2021,94059,144,Manual,Diesel,FWD,Sedan,Silver,Gray,1,Major,Dealer,Excellent,LX,4,23514.75,16503.15,USA
BMW,X3,2013,187025,319,Automatic,Electric,FWD,Coupe,Red,Gray,5,No accident,Private,Excellent,EX,12,15585.416666666666,14485.91,Germany
Kia,Forte,2019,140864,141,Manual,Gasoline,FWD,Sedan,Silver,Brown,2,Minor,Dealer,Good,Touring,6,23477.33333333333,8183.08,South Korea
Lexus,IS,2009,300000,283,Automatic,Gasoline,AWD,Sedan,Red,Beige,5,No accident,Dealer,Fair,Sport,16,18750.0,1942.44,Japan
Chevrolet,Tahoe,2015,161983,216,Automatic,Gasoline,FWD,Sedan,Gray,Gray,5,Minor,Private,Excellent,Base,10,16198.3,9372.04,USA
Kia,Sportage,2015,145458,139,Automatic,Gasoline,AWD,SUV,Blue,Gray,1,Minor,Dealer,Excellent,Limited,10,14545.8,5444.06,South Korea
Volkswagen,Tiguan,2016,130895,242,Automatic,Gasoline,AWD,SUV,Silver,Brown,5,Minor,Private,Excellent,Touring,9,14543.888888888889,10392.4,Germany
Subaru,Impreza,2016,194718,122,Manual,Electric,AWD,Sedan,White,Brown,2,No accident,Dealer,Excellent,LX,9,21635.33333333333,5858.22,Japan
Acura,TLX,2014,266560,291,Manual,Gasoline,AWD,Sedan,Gray,Black,5,No accident,Dealer,Good,Sport,11,24232.727272727272,8813.88,Japan
Toyota,Highlander,2025,3761,191,Automatic,Electric,RWD,Pickup Truck,Gray,Brown,2,No accident,Dealer,Excellent,Base,1,3761.0,27572.65,Japan
Ram,3500,2020,76878,172,Manual,Electric,FWD,Pickup Truck,Blue,Brown,4,No accident,Dealer,Good,Limited,5,15375.6,23005.04,USA
Chevrolet,Camaro,2014,199752,137,Manual,Electric,RWD,Coupe,Silver,Beige,5,No accident,Private,Good,Limited,11,18159.272727272728,4854.39,USA
Acura,RDX,2017,209793,223,Automatic,Electric,RWD,Sedan,Gray,Beige,5,No accident,Private,Good,Sport,8,26224.125,14651.15,Japan
Subaru,Forester,2013,118952,115,Manual,Electric,AWD,SUV,Black,Beige,5,No accident,Dealer,Good,Base,12,9912.666666666666,6222.73,Japan
Land Rover,Defender,2017,105812,414,Automatic,Diesel,AWD,SUV,White,Black,5,Minor,Dealer,Good,Sport,8,13226.5,32299.34,UK
Chrysler,Pacifica,2018,120220,255,Automatic,Gasoline,FWD,Sedan,White,Gray,5,No accident,Dealer,Excellent,EX,7,17174.285714285714,18481.28,USA
Honda,Pilot,2017,198943,113,Automatic,Gasoline,FWD,Sedan,White,Gray,3,Minor,Private,Good,Base,8,24867.875,4044.26,Japan
Jeep,Cherokee,2022,18093,152,Automatic,Electric,FWD,SUV,Silver,Brown,5,No accident,Dealer,Excellent,Limited,3,6031.0,28174.92,USA
GMC,Acadia,2016,199736,271,Automatic,Electric,AWD,SUV,Gray,Beige,3,No accident,Dealer,Good,Sport,9,22192.88888888889,13001.02,USA
Tesla,Model X,2019,112074,377,Automatic,Electric,AWD,SUV,White,Brown,2,No accident,Dealer,Excellent,LX,6,18679.0,37165.47,USA
Honda,CR-V,2020,80539,180,Manual,Diesel,RWD,SUV,Red,Black,5,No accident,Private,Excellent,LX,5,16107.8,16100.49,Japan
Ram,2500,2016,167943,222,Manual,Diesel,AWD,Pickup Truck,Blue,Beige,5,Major,Dealer,Fair,LX,9,18660.33333333333,8834.18,USA
Volkswagen,Atlas,2019,43276,156,Manual,Diesel,RWD,Hatchback,Silver,Brown,3,No accident,Dealer,Good,Base,6,7212.666666666667,16731.56,Germany
Nissan,Rogue,2012,188174,153,Automatic,Gasoline,AWD,SUV,Blue,Black,5,Minor,Dealer,Good,EX,13,14474.923076923076,1500.0,Japan
Ram,3500,2021,98317,235,Manual,Diesel,FWD,Pickup Truck,Red,Black,1,Minor,Dealer,Excellent,Touring,4,24579.25,22327.54,USA
Ram,3500,2025,12158,213,Manual,Gasoline,FWD,Pickup Truck,Silver,Beige,1,No accident,Private,Good,Sport,1,12158.0,34846.15,USA
Nissan,Sentra,2018,84480,217,Manual,Electric,AWD,Sedan,White,Brown,3,No accident,Private,Excellent,LX,7,12068.57142857143,12780.41,Japan
Jeep,Wrangler,2014,2289,221,Automatic,Gasoline,FWD,SUV,Blue,Black,5,No accident,Dealer,Good,Touring,11,208.0909090909091,18040.93,USA
Subaru,Forester,2016,80730,203,Manual,Gasoline,AWD,SUV,Gray,Gray,4,No accident,Private,Good,LX,9,8970.0,13121.53,Japan
Mercedes-Benz,GLE,2019,62615,351,Automatic,Diesel,RWD,SUV,Gray,Beige,3,No accident,Private,Excellent,Limited,6,10435.833333333334,36401.99,Germany
Mercedes-Benz,S-Class,2022,75254,344,Automatic,Diesel,RWD,Sedan,Blue,Beige,2,Minor,Dealer,Good,LX,3,25084.666666666668,35799.82,Germany
Porsche,911,2016,266362,453,Automatic,Diesel,AWD,Sedan,Gray,Beige,5,No accident,Private,Good,Limited,9,29595.777777777777,28253.76,Germany
Mercedes-Benz,S-Class,2017,184999,302,Automatic,Electric,AWD,Coupe,Red,Brown,3,No accident,Dealer,Good,EX,8,23124.875,23630.03,Germany
Honda,Accord,2021,81784,137,Manual,Electric,AWD,Sedan,Red,Black,3,Minor,Private,Good,LX,4,20446.0,13948.3,Japan
Audi,Q5,2011,250231,286,Automatic,Diesel,RWD,Sedan,Red,Beige,5,Minor,Private,Excellent,LX,14,17873.64285714286,7692.18,Germany
Ford,Focus,2020,72255,196,Manual,Gasoline,AWD,SUV,White,Gray,2,No accident,Dealer,Excellent,EX,5,14451.0,21874.2,USA
Acura,RDX,2016,128194,267,Automatic,Gasoline,FWD,Sedan,Red,Gray,5,No accident,Dealer,Good,Touring,9,14243.777777777776,17512.7,Japan
Audi,Q7,2023,30090,307,Automatic,Electric,FWD,Sedan,Red,Gray,1,Minor,Dealer,Good,LX,2,15045.0,39682.54,Germany
Ram,2500,2019,60470,216,Automatic,Gasoline,RWD,Pickup Truck,Black,Black,5,No accident,Private,Excellent,Limited,6,10078.333333333334,26227.61,USA
Kia,Sportage,2017,104014,124,Manual,Gasoline,AWD,Sedan,Blue,Brown,5,No accident,Dealer,Good,LX,8,13001.75,9403.3,South Korea
Lexus,IS,2019,122143,295,Automatic,Electric,AWD,Sedan,White,Gray,5,No accident,Dealer,Excellent,Base,6,20357.166666666668,28176.47,Japan
Dodge,Challenger,2018,120722,163,Automatic,Electric,RWD,Sedan,Gray,Beige,1,No accident,Dealer,Good,LX,7,17246.0,14548.91,USA
BMW,X3,2014,124218,246,Automatic,Diesel,RWD,Coupe,Gray,Gray,5,No accident,Dealer,Excellent,Sport,11,11292.545454545454,17615.47,Germany
Mercedes-Benz,C-Class,2020,65248,322,Manual,Gasoline,AWD,Sedan,Blue,Gray,2,Minor,Dealer,Good,EX,5,13049.6,32272.65,Germany
Ram,3500,2016,48261,239,Automatic,Diesel,RWD,Pickup Truck,Gray,Black,2,No accident,Dealer,Good,Touring,9,5362.333333333333,21067.51,USA
Audi,Q5,2018,98229,334,Manual,Diesel,AWD,SUV,Black,Black,5,Minor,Dealer,Excellent,EX,7,14032.714285714286,29246.09,Germany
Jeep,Wrangler,2014,175762,191,Automatic,Electric,RWD,SUV,White,Black,5,No accident,Private,Good,EX,11,15978.363636363636,8169.59,USA
Ford,Explorer,2014,174580,193,Manual,Diesel,RWD,SUV,Red,Beige,5,No accident,Dealer,Excellent,Limited,11,15870.90909090909,6795.87,USA
BMW,5 Series,2020,46322,248,Automatic,Diesel,FWD,Sedan,Black,Black,5,No accident,Private,Excellent,Base,5,9264.4,30898.99,Germany
Honda,Pilot,2018,129733,176,Manual,Diesel,FWD,Sedan,Silver,Black,4,No accident,Dealer,Excellent,Limited,7,18533.285714285717,12176.72,Japan
Ford,Mustang,2017,138264,173,Manual,Electric,RWD,SUV,Gray,Brown,3,No accident,Private,Excellent,Touring,8,17283.0,12122.42,USA
Honda,Accord,2018,76753,124,Automatic,Diesel,RWD,Minivan,Gray,Gray,5,No accident,Dealer,Fair,Limited,7,10964.714285714286,11219.55,Japan
Nissan,Rogue,2018,135595,177,Automatic,Electric,FWD,SUV,Black,Brown,5,No accident,Dealer,Good,Limited,7,19370.714285714286,9950.82,Japan
Kia,Sorento,2014,153342,151,Automatic,Gasoline,RWD,Sedan,Blue,Black,2,Minor,Dealer,Good,Base,11,13940.181818181818,4088.66,South Korea
Chrysler,Pacifica,2016,153126,199,Automatic,Diesel,FWD,Minivan,Silver,Brown,5,No accident,Dealer,Good,Sport,9,17014.0,13548.3,USA
Chevrolet,Tahoe,2019,96498,157,Manual,Gasoline,FWD,Sedan,Silver,Black,5,No accident,Private,Good,Base,6,16083.0,17422.99,USA
Ram,1500,2018,84039,213,Manual,Electric,FWD,Pickup Truck,Gray,Brown,2,No accident,Private,Excellent,Sport,7,12005.57142857143,19743.03,USA
Jeep,Grand Cherokee,2014,46617,149,Manual,Diesel,FWD,SUV,Red,Brown,4,No accident,Private,Good,Limited,11,4237.909090909091,13067.14,USA
BMW,M3,2013,137605,290,Manual,Gasoline,FWD,SUV,White,Brown,5,No accident,Dealer,Excellent,EX,12,11467.083333333334,18858.2,Germany
Cadillac,CT5,2016,40754,352,Manual,Gasoline,RWD,SUV,Gray,Beige,5,Minor,Private,Good,Limited,9,4528.222222222223,29717.36,USA
Lexus,NX,2018,67984,308,Automatic,Electric,RWD,SUV,Gray,Black,5,No accident,Dealer,Good,LX,7,9712.0,27024.17,Japan
Chrysler,300,2020,40438,202,Automatic,Electric,FWD,Minivan,Gray,Beige,5,Minor,Dealer,Excellent,Touring,5,8087.6,23005.74,USA
Volkswagen,Atlas,2016,152046,195,Automatic,Gasoline,RWD,SUV,Gray,Black,1,No accident,Dealer,Good,LX,9,16894.0,9148.68,Germany
Nissan,Altima,2017,95265,109,Automatic,Diesel,AWD,Sedan,White,Beige,4,No accident,Private,Excellent,Sport,8,11908.125,9433.27,Japan
Subaru,Forester,2021,60194,219,Automatic,Gasoline,AWD,Sedan,Red,Gray,1,No accident,Private,Good,LX,4,15048.5,19639.75,Japan
GMC,Yukon,2018,71953,148,Manual,Diesel,FWD,Pickup Truck,Gray,Brown,3,No accident,Private,Good,EX,7,10279.0,18918.73,USA
Honda,Pilot,2022,73319,160,Automatic,Electric,AWD,Sedan,Gray,Black,1,No accident,Dealer,Good,Sport,3,24439.666666666668,18993.46,Japan
Volkswagen,Atlas,2020,131583,123,Manual,Diesel,FWD,SUV,Gray,Beige,3,Minor,Dealer,Fair,Base,5,26316.6,12304.47,Germany
Subaru,Outback,2013,74956,101,Automatic,Gasoline,AWD,SUV,Blue,Black,3,No accident,Dealer,Excellent,LX,12,6246.333333333333,8818.21,Japan
Acura,Integra,2012,65089,251,Manual,Electric,FWD,SUV,Gray,Beige,5,No accident,Private,Good,Touring,13,5006.846153846154,16145.82,Japan
Toyota,RAV4,2013,80170,150,Manual,Electric,FWD,SUV,Black,Beige,5,No accident,Private,Good,Limited,12,6680.833333333333,8440.52,Japan
Chevrolet,Malibu,2013,91919,126,Automatic,Gasoline,RWD,Sedan,Blue,Gray,5,No accident,Dealer,Good,Sport,12,7659.916666666667,9295.28,USA
Tesla,Model 3,2014,174441,368,Automatic,Electric,FWD,SUV,Silver,Black,5,No accident,Dealer,Good,LX,11,15858.272727272728,21529.71,USA
Land Rover,Defender,2024,29520,449,Automatic,Gasoline,AWD,SUV,White,Gray,1,Minor,Dealer,Good,Touring,1,29520.0,65226.77,UK
Land Rover,Discovery,2015,184411,421,Automatic,Diesel,RWD,SUV,Gray,Brown,5,No accident,Dealer,Excellent,Sport,10,18441.1,30614.57,UK
Mazda,CX-9,2015,140846,150,Manual,Gasoline,AWD,SUV,Blue,Brown,5,No accident,Dealer,Good,LX,10,14084.6,5986.57,Japan
Acura,MDX,2022,51265,227,Automatic,Gasoline,AWD,SUV,Blue,Beige,5,No accident,Private,Fair,LX,3,17088.333333333332,29290.47,Japan
Toyota,RAV4,2019,69402,159,Automatic,Electric,RWD,Sedan,Gray,Black,2,No accident,Dealer,Good,Base,6,11567.0,16761.85,Japan
Honda,Accord,2019,162752,146,Automatic,Gasoline,AWD,Minivan,Blue,Black,3,No accident,Dealer,Good,Touring,6,27125.33333333333,10062.26,Japan
Ram,1500,2019,46852,180,Automatic,Diesel,RWD,Pickup Truck,Blue,Brown,3,No accident,Private,Good,LX,6,7808.666666666667,24368.58,USA
Nissan,Altima,2022,30115,111,Manual,Diesel,RWD,Sedan,Blue,Beige,2,No accident,Dealer,Good,Touring,3,10038.333333333334,19679.92,Japan
Honda,CR-V,2017,107885,100,Manual,Electric,AWD,Minivan,Gray,Beige,5,Minor,Dealer,Good,Sport,8,13485.625,8138.7,Japan
Volkswagen,Passat,2016,140315,130,Manual,Diesel,FWD,Hatchback,Black,Black,5,Minor,Private,Good,Touring,9,15590.555555555557,6418.78,Germany
Chrysler,Pacifica,2015,14869,254,Manual,Electric,RWD,Sedan,Red,Beige,2,No accident,Dealer,Excellent,EX,10,1486.9,22222.39,USA
Porsche,Macan,2020,79674,454,Automatic,Electric,FWD,Coupe,Gray,Black,4,No accident,Dealer,Good,EX,5,15934.8,53644.9,Germany
GMC,Terrain,2017,129015,263,Manual,Gasoline,AWD,SUV,White,Brown,5,No accident,Dealer,Excellent,EX,8,16126.875,18955.44,USA
Volvo,XC90,2016,102128,316,Manual,Gasoline,FWD,Wagon,White,Black,3,Minor,Dealer,Excellent,Limited,9,11347.555555555557,23849.12,Sweden
Ford,Focus,2016,186696,158,Automatic,Gasoline,FWD,SUV,Gray,Brown,5,No accident,Private,Excellent,Touring,9,20744.0,6920.2,USA
Dodge,Challenger,2016,142857,199,Automatic,Gasoline,FWD,Coupe,Gray,Brown,5,Minor,Dealer,Excellent,Sport,9,15873.0,10541.88,USA
Audi,A6,2015,158202,300,Manual,Diesel,RWD,Sedan,Blue,Beige,5,No accident,Dealer,Good,Limited,10,15820.2,20968.56,Germany
Ram,2500,2019,26354,236,Automatic,Electric,AWD,Pickup Truck,Red,Beige,5,Minor,Dealer,Excellent,Limited,6,4392.333333333333,24456.1,USA
Mercedes-Benz,S-Class,2014,264259,345,Automatic,Diesel,FWD,Sedan,Black,Brown,5,No accident,Dealer,Excellent,Sport,11,24023.545454545456,15579.59,Germany
BMW,X5,2014,265106,306,Manual,Diesel,AWD,SUV,Gray,Gray,4,No accident,Private,Good,Touring,11,24100.545454545456,11153.0,Germany
BMW,5 Series,2020,119402,264,Manual,Electric,FWD,SUV,White,Brown,5,Minor,Dealer,Good,Limited,5,23880.4,28702.14,Germany
Honda,Pilot,2022,54223,165,Manual,Gasoline,FWD,Sedan,White,Brown,1,Minor,Private,Good,LX,3,18074.33333333333,17286.37,Japan
Nissan,Rogue,2018,127529,170,Automatic,Electric,RWD,SUV,Silver,Brown,2,No accident,Dealer,Good,Base,7,18218.42857142857,9446.98,Japan
Audi,A4,2017,119883,305,Automatic,Gasoline,AWD,Coupe,Gray,Beige,2,No accident,Dealer,Fair,Sport,8,14985.375,22367.64,Germany
Hyundai,Elantra,2022,54129,144,Automatic,Gasoline,FWD,Sedan,Blue,Black,2,No accident,Dealer,Excellent,Base,3,18043.0,20119.45,South Korea
Kia,Telluride,2021,72591,168,Manual,Diesel,FWD,SUV,White,Brown,5,No accident,Dealer,Fair,LX,4,18147.75,15965.84,South Korea
Ram,3500,2018,105195,204,Automatic,Electric,AWD,Pickup Truck,Red,Black,3,Minor,Dealer,Excellent,Touring,7,15027.857142857143,19372.83,USA
Subaru,Crosstrek,2024,4943,193,Manual,Gasoline,AWD,SUV,Red,Gray,2,Minor,Dealer,Good,Sport,1,4943.0,24973.99,Japan
Mercedes-Benz,C-Class,2019,117111,322,Manual,Electric,AWD,Sedan,Silver,Beige,1,No accident,Dealer,Fair,Limited,6,19518.5,30646.05,Germany
Dodge,Durango,2021,91580,218,Manual,Gasoline,AWD,Sedan,Black,Beige,3,No accident,Dealer,Fair,Touring,4,22895.0,20300.74,USA
Kia,Sorento,2018,135205,199,Manual,Gasoline,AWD,SUV,Gray,Black,3,No accident,Private,Good,EX,7,19315.0,10243.63,South Korea
Land Rover,Defender,2020,79161,407,Automatic,Gasoline,RWD,SUV,Gray,Brown,3,No accident,Dealer,Excellent,EX,5,15832.2,55126.99,UK
Honda,Accord,2011,300000,106,Automatic,Electric,AWD,Sedan,Blue,Beige,5,Minor,Private,Good,EX,14,21428.571428571428,1500.0,Japan
Dodge,Durango,2016,137422,172,Automatic,Gasoline,RWD,Coupe,Black,Brown,5,No accident,Dealer,Excellent,EX,9,15269.111111111111,11828.51,USA
Volvo,V60,2020,88456,333,Manual,Gasoline,RWD,Sedan,Red,Gray,4,No accident,Private,Good,Sport,5,17691.2,35018.48,Sweden
Hyundai,Tucson,2018,174980,222,Automatic,Diesel,RWD,SUV,Red,Black,5,No accident,Dealer,Excellent,EX,7,24997.14285714286,9276.73,South Korea
Subaru,Impreza,2017,172788,175,Automatic,Electric,AWD,SUV,White,Gray,3,No accident,Private,Excellent,LX,8,21598.5,8213.5,Japan
Audi,Q7,2009,300000,273,Manual,Diesel,FWD,SUV,Gray,Gray,5,No accident,Dealer,Excellent,LX,16,18750.0,3489.34,Germany
Cadillac,XT5,2017,147159,378,Automatic,Diesel,RWD,SUV,Black,Beige,3,No accident,Dealer,Good,Touring,8,18394.875,27958.72,USA
Chrysler,300,2018,88972,177,Automatic,Electric,RWD,Minivan,Red,Black,4,Major,Dealer,Good,Base,7,12710.285714285714,13502.36,USA
Porsche,Macan,2020,98530,398,Automatic,Electric,AWD,Coupe,Silver,Brown,2,No accident,Dealer,Good,Base,5,19706.0,51418.16,Germany
Porsche,911,2014,163579,400,Manual,Gasoline,RWD,SUV,Silver,Black,5,Minor,Private,Good,LX,11,14870.818181818182,23329.3,Germany
Mazda,Mazda6,2012,187335,187,Automatic,Electric,FWD,SUV,Silver,Black,5,No accident,Dealer,Good,Sport,13,14410.384615384615,2772.41,Japan
Mazda,CX-5,2013,163419,170,Automatic,Electric,AWD,Hatchback,Black,Black,5,No accident,Private,Fair,Base,12,13618.25,3862.06,Japan
Nissan,Pathfinder,2017,140347,132,Automatic,Electric,FWD,Sedan,Red,Beige,2,No accident,Private,Excellent,Limited,8,17543.375,8090.78,Japan
BMW,M3,2019,101964,238,Manual,Diesel,FWD,Coupe,Silver,Beige,4,No accident,Private,Excellent,Limited,6,16994.0,30022.38,Germany
Nissan,Sentra,2011,198880,90,Manual,Gasoline,AWD,Pickup Truck,Black,Brown,5,No accident,Dealer,Excellent,LX,14,14205.714285714286,1500.0,Japan
Mazda,CX-9,2019,84609,147,Automatic,Diesel,RWD,SUV,Gray,Brown,2,No accident,Private,Good,Sport,6,14101.5,13767.67,Japan
Acura,RDX,2017,147977,257,Manual,Electric,AWD,SUV,Gray,Black,2,No accident,Private,Good,Touring,8,18497.125,17218.17,Japan
Jeep,Compass,2018,81252,205,Manual,Electric,FWD,SUV,Black,Black,5,No accident,Dealer,Excellent,Touring,7,11607.42857142857,19950.43,USA
Nissan,Altima,2020,66642,108,Manual,Electric,AWD,SUV,White,Beige,3,No accident,Dealer,Excellent,EX,5,13328.4,16027.74,Japan
Audi,Q5,2018,88252,303,Manual,Diesel,FWD,SUV,Gray,Beige,3,No accident,Dealer,Excellent,Touring,7,12607.42857142857,31708.47,Germany
Mercedes-Benz,GLE,2014,130331,351,Automatic,Electric,AWD,Sedan,Blue,Black,4,Minor,Private,Good,EX,11,11848.272727272728,18139.71,Germany
Lexus,ES,2021,66330,328,Automatic,Electric,RWD,SUV,White,Brown,1,Minor,Dealer,Good,Base,4,16582.5,33739.43,Japan
Subaru,Impreza,2021,81429,99,Automatic,Electric,AWD,Sedan,Gray,Beige,4,Minor,Dealer,Excellent,Base,4,20357.25,17024.33,Japan
Ford,Mustang,2019,88016,186,Automatic,Diesel,RWD,SUV,Blue,Gray,4,No accident,Private,Good,Touring,6,14669.333333333334,16520.96,USA
Lexus,NX,2025,3501,250,Automatic,Electric,RWD,Sedan,Blue,Beige,1,No accident,Dealer,Good,Touring,1,3501.0,40168.58,Japan
BMW,3 Series,2016,96259,229,Manual,Diesel,FWD,Sedan,Red,Gray,4,No accident,Dealer,Good,EX,9,10695.444444444443,21619.33,Germany
Volkswagen,Golf,2014,236776,191,Manual,Diesel,RWD,SUV,Black,Beige,4,Minor,Dealer,Good,Sport,11,21525.090909090908,2068.49,Germany
GMC,Sierra,2024,10507,213,Automatic,Electric,RWD,SUV,Gray,Black,1,No accident,Private,Good,Base,1,10507.0,40147.45,USA
Mazda,CX-5,2020,37661,141,Automatic,Gasoline,AWD,SUV,Gray,Brown,5,No accident,Dealer,Fair,LX,5,7532.2,15888.41,Japan
Kia,Forte,2022,38960,90,Manual,Gasoline,AWD,SUV,White,Gray,1,No accident,Dealer,Good,Limited,3,12986.666666666666,17752.37,South Korea
Honda,CR-V,2022,88619,134,Automatic,Diesel,AWD,Sedan,Blue,Beige,1,No accident,Dealer,Excellent,LX,3,29539.666666666668,19043.65,Japan
Ford,Focus,2019,119043,114,Manual,Diesel,AWD,Sedan,Silver,Gray,2,No accident,Private,Good,EX,6,19840.5,12306.45,USA
Audi,A6,2018,126100,286,Manual,Electric,AWD,Coupe,Blue,Gray,2,No accident,Private,Good,Limited,7,18014.285714285714,24280.3,Germany
Acura,TLX,2019,61833,255,Automatic,Electric,FWD,Sedan,Blue,Gray,2,No accident,Dealer,Good,EX,6,10305.5,28111.53,Japan
Chevrolet,Tahoe,2020,117786,191,Manual,Gasoline,FWD,SUV,Silver,Gray,3,No accident,Dealer,Good,Touring,5,23557.2,20553.75,USA
Ram,1500,2022,41516,272,Automatic,Diesel,FWD,Pickup Truck,Blue,Black,5,No accident,Private,Good,Sport,3,13838.666666666666,30301.2,USA
Volkswagen,Tiguan,2015,153864,154,Manual,Electric,RWD,SUV,Black,Beige,5,No accident,Private,Good,Sport,10,15386.4,7162.47,Germany
Dodge,Challenger,2021,69720,209,Manual,Electric,FWD,Sedan,Blue,Black,1,No accident,Dealer,Good,Sport,4,17430.0,24461.49,USA
Honda,Civic,2019,52048,171,Automatic,Gasoline,FWD,Sedan,Blue,Brown,2,No accident,Dealer,Good,Base,6,8674.666666666666,15901.4,Japan
Ram,2500,2012,300000,234,Automatic,Diesel,FWD,Pickup Truck,Black,Brown,5,No accident,Dealer,Fair,EX,13,23076.92307692308,1500.0,USA
Hyundai,Santa Fe,2021,31729,134,Manual,Diesel,AWD,SUV,Red,Gray,4,No accident,Dealer,Good,Sport,4,7932.25,17884.76,South Korea
Kia,Sorento,2014,88256,90,Manual,Diesel,RWD,Sedan,White,Beige,5,No accident,Dealer,Excellent,EX,11,8023.272727272727,6764.68,South Korea
Ram,2500,2013,84977,184,Manual,Gasoline,FWD,Pickup Truck,Gray,Black,5,No accident,Private,Good,Sport,12,7081.416666666667,12560.25,USA
Cadillac,Lyriq,2016,124025,339,Manual,Electric,AWD,Sedan,Red,Black,5,No accident,Dealer,Excellent,Sport,9,13780.555555555557,23204.26,USA
Dodge,Durango,2013,103011,217,Automatic,Diesel,RWD,SUV,Blue,Beige,5,Major,Dealer,Excellent,Touring,12,8584.25,8453.53,USA
Porsche,Macan,2020,80473,419,Automatic,Gasoline,FWD,Sedan,Silver,Gray,1,No accident,Dealer,Excellent,LX,5,16094.6,53948.97,Germany
Acura,Integra,2016,167527,270,Manual,Gasoline,AWD,SUV,Gray,Gray,1,Minor,Private,Good,LX,9,18614.11111111111,14437.02,Japan
Dodge,Durango,2008,256034,189,Automatic,Gasoline,FWD,SUV,Silver,Black,5,No accident,Dealer,Excellent,Touring,17,15060.823529411764,1500.0,USA
Nissan,Titan,2016,169731,127,Manual,Electric,AWD,Sedan,Red,Beige,2,Major,Dealer,Fair,Base,9,18859.0,3300.77,Japan
Nissan,Altima,2010,192412,135,Manual,Diesel,RWD,Pickup Truck,Black,Beige,5,Minor,Private,Good,Limited,15,12827.466666666667,1500.0,Japan
Volkswagen,Tiguan,2014,147677,237,Manual,Diesel,RWD,SUV,White,Brown,5,No accident,Private,Fair,Sport,11,13425.181818181818,6994.37,Germany
Hyundai,Sonata,2018,92567,143,Manual,Gasoline,FWD,SUV,White,Gray,2,No accident,Private,Excellent,Sport,7,13223.857142857143,11378.42,South Korea
Mazda,Mazda6,2021,33796,165,Automatic,Electric,AWD,Sedan,White,Beige,4,No accident,Dealer,Excellent,EX,4,8449.0,22120.44,Japan
Dodge,Charger,2020,82036,204,Automatic,Gasoline,AWD,Coupe,Gray,Brown,3,No accident,Dealer,Good,Touring,5,16407.2,21059.13,USA
Kia,Telluride,2025,2122,147,Automatic,Diesel,AWD,SUV,Blue,Black,1,No accident,Dealer,Good,Touring,1,2122.0,24876.18,South Korea
BMW,X3,2014,170888,282,Automatic,Diesel,FWD,Sedan,Red,Black,4,No accident,Dealer,Excellent,Limited,11,15535.272727272728,15831.83,Germany
Dodge,Charger,2025,4264,202,Automatic,Electric,FWD,SUV,Blue,Black,1,No accident,Private,Excellent,LX,1,4264.0,34590.45,USA
Volkswagen,Golf,2023,4168,209,Manual,Electric,FWD,SUV,Black,Black,1,Minor,Dealer,Good,Sport,2,2084.0,23454.07,Germany
Nissan,Altima,2019,122504,141,Automatic,Gasoline,FWD,SUV,Gray,Beige,4,Major,Dealer,Excellent,Sport,6,20417.33333333333,8385.94,Japan
BMW,3 Series,2016,166496,261,Automatic,Diesel,RWD,Coupe,Blue,Black,3,No accident,Dealer,Good,Limited,9,18499.555555555555,19301.79,Germany
Subaru,Outback,2018,82243,99,Manual,Electric,AWD,Sedan,Black,Black,1,Major,Dealer,Excellent,LX,7,11749.0,11470.91,Japan
Acura,RDX,2019,139668,254,Manual,Electric,AWD,SUV,Black,Brown,3,No accident,Dealer,Good,Sport,6,23278.0,23026.34,Japan
Audi,A6,2015,163227,264,Manual,Gasoline,RWD,Coupe,Blue,Gray,5,No accident,Dealer,Excellent,Touring,10,16322.7,18996.01,Germany
Chevrolet,Silverado,2020,93275,181,Manual,Electric,FWD,Coupe,Red,Gray,1,No accident,Dealer,Fair,Base,5,18655.0,17575.15,USA
Porsche,Cayenne,2014,154783,467,Manual,Gasoline,FWD,Coupe,Red,Black,5,No accident,Private,Good,Base,11,14071.181818181818,28014.59,Germany
Volkswagen,Atlas,2006,160291,136,Automatic,Diesel,RWD,Hatchback,Blue,Black,5,No accident,Dealer,Fair,Touring,19,8436.368421052632,1500.0,Germany
Audi,A6,2022,67913,254,Automatic,Gasoline,FWD,SUV,Silver,Gray,1,Minor,Dealer,Excellent,EX,3,22637.666666666668,36642.33,Germany
BMW,X5,2020,62745,310,Manual,Diesel,AWD,Coupe,Silver,Brown,1,No accident,Private,Excellent,Sport,5,12549.0,35940.24,Germany
Mercedes-Benz,E-Class,2010,129300,363,Automatic,Gasoline,AWD,Coupe,Silver,Black,5,Minor,Dealer,Fair,Limited,15,8620.0,12502.31,Germany
Honda,CR-V,2015,232302,155,Manual,Diesel,RWD,SUV,White,Brown,3,No accident,Dealer,Good,Limited,10,23230.2,2056.15,Japan
Chevrolet,Equinox,2016,81170,223,Automatic,Diesel,FWD,Sedan,Blue,Gray,5,No accident,Dealer,Fair,Limited,9,9018.888888888889,14504.28,USA
Acura,TLX,2012,110698,273,Automatic,Electric,FWD,SUV,Red,Gray,5,No accident,Dealer,Good,Base,13,8515.23076923077,14848.79,Japan
Subaru,Impreza,2025,5286,173,Manual,Electric,AWD,SUV,Red,Beige,1,No accident,Dealer,Excellent,Touring,1,5286.0,31648.9,Japan
Volvo,XC90,2013,225854,292,Manual,Diesel,RWD,Sedan,Blue,Beige,5,No accident,Dealer,Good,Sport,12,18821.166666666668,11664.3,Sweden
BMW,X3,2019,122167,306,Automatic,Gasoline,RWD,Sedan,Red,Black,3,Minor,Dealer,Excellent,Sport,6,20361.166666666668,26057.49,Germany
Acura,Integra,2016,111648,260,Manual,Electric,FWD,Sedan,Black,Black,5,No accident,Dealer,Good,Base,9,12405.333333333334,19697.26,Japan
Honda,CR-V,2011,212813,165,Manual,Gasoline,FWD,Minivan,Gray,Gray,5,No accident,Dealer,Excellent,Limited,14,15200.92857142857,1500.0,Japan
Subaru,Forester,2017,162752,175,Manual,Electric,AWD,SUV,Red,Black,4,Minor,Dealer,Good,LX,8,20344.0,9109.22,Japan
Dodge,Charger,2016,131309,213,Automatic,Electric,RWD,Coupe,Blue,Brown,4,No accident,Private,Fair,Limited,9,14589.888888888889,10612.61,USA
Dodge,Challenger,2024,11852,199,Manual,Electric,AWD,Sedan,Black,Beige,2,No accident,Dealer,Good,LX,1,11852.0,33360.68,USA
Chevrolet,Tahoe,2021,33459,197,Automatic,Gasoline,FWD,Coupe,Black,Brown,2,No accident,Private,Excellent,Limited,4,8364.75,22991.6,USA
Chrysler,Pacifica,2014,188285,208,Automatic,Diesel,AWD,Sedan,Red,Gray,5,No accident,Dealer,Excellent,EX,11,17116.81818181818,9478.88,USA
BMW,M3,2012,48303,331,Automatic,Gasoline,FWD,Coupe,Silver,Brown,5,No accident,Dealer,Good,Base,13,3715.6153846153848,20766.92,Germany
Volkswagen,Golf,2019,117420,161,Manual,Electric,RWD,SUV,Blue,Gray,5,Minor,Private,Good,EX,6,19570.0,11415.21,Germany
Toyota,Highlander,2015,142097,114,Automatic,Gasoline,FWD,Sedan,Silver,Black,2,No accident,Dealer,Excellent,Sport,10,14209.7,6178.58,Japan
Ram,3500,2024,14293,245,Automatic,Gasoline,RWD,Pickup Truck,Red,Gray,1,Minor,Dealer,Good,LX,1,14293.0,33789.87,USA
Ram,3500,2022,45532,215,Manual,Diesel,FWD,Pickup Truck,Gray,Gray,1,No accident,Dealer,Good,Touring,3,15177.333333333334,30334.43,USA
Audi,R8,2023,31242,333,Manual,Gasoline,FWD,Coupe,Red,Beige,1,No accident,Dealer,Excellent,Base,2,15621.0,53931.97,Germany
BMW,X5,2021,50200,294,Manual,Diesel,RWD,SUV,Silver,Gray,1,No accident,Dealer,Excellent,Base,4,12550.0,38955.73,Germany
Dodge,Durango,2021,36087,135,Automatic,Diesel,AWD,SUV,Silver,Beige,1,Minor,Dealer,Excellent,Base,4,9021.75,24621.64,USA
Tesla,Model 3,2015,245644,346,Automatic,Electric,AWD,Sedan,Red,Black,5,Minor,Dealer,Good,Limited,10,24564.4,17059.87,USA
GMC,Acadia,2022,32955,260,Automatic,Electric,RWD,SUV,Black,Black,2,Minor,Private,Excellent,Limited,3,10985.0,29107.41,USA
Land Rover,Range Rover,2022,63642,436,Automatic,Gasoline,AWD,SUV,Gray,Black,1,No accident,Private,Good,Touring,3,21214.0,56079.36,UK
Jeep,Grand Cherokee,2017,196345,240,Manual,Diesel,AWD,SUV,White,Black,3,No accident,Dealer,Good,EX,8,24543.125,11909.85,USA
Audi,Q7,2018,93312,335,Manual,Electric,FWD,Coupe,Gray,Beige,5,No accident,Dealer,Good,LX,7,13330.285714285714,28790.3,Germany
Volkswagen,Golf,2014,179564,206,Automatic,Diesel,AWD,Hatchback,Gray,Brown,5,No accident,Dealer,Good,Limited,11,16324.0,6248.43,Germany
Jeep,Wrangler,2011,251190,203,Manual,Gasoline,RWD,SUV,Black,Beige,5,No accident,Private,Excellent,LX,14,17942.14285714286,1550.65,USA
Mercedes-Benz,S-Class,2019,108949,275,Manual,Gasoline,FWD,SUV,White,Brown,3,No accident,Dealer,Fair,Sport,6,18158.166666666668,29196.2,Germany
Cadillac,Escalade,2016,104682,298,Automatic,Electric,RWD,SUV,White,Gray,5,No accident,Dealer,Excellent,Sport,9,11631.333333333334,26113.64,USA
BMW,X3,2011,211018,284,Manual,Gasoline,RWD,Sedan,Blue,Black,4,No accident,Private,Excellent,Sport,14,15072.714285714286,9925.79,Germany
Porsche,Cayenne,2022,30381,424,Automatic,Gasoline,AWD,Sedan,Black,Beige,4,No accident,Dealer,Good,Base,3,10127.0,56824.29,Germany
Mercedes-Benz,GLE,2015,50426,333,Manual,Gasoline,RWD,SUV,Red,Beige,5,Minor,Dealer,Good,EX,10,5042.6,23912.2,Germany
BMW,X5,2014,110450,176,Automatic,Diesel,FWD,Coupe,Gray,Brown,5,No accident,Dealer,Good,LX,11,10040.90909090909,16387.86,Germany
BMW,5 Series,2017,68863,277,Manual,Electric,AWD,Coupe,Silver,Gray,4,No accident,Dealer,Excellent,LX,8,8607.875,27931.6,Germany
Hyundai,Sonata,2017,143706,165,Manual,Diesel,RWD,Sedan,White,Gray,5,Minor,Dealer,Fair,LX,8,17963.25,6418.54,South Korea
Porsche,Panamera,2019,104277,427,Manual,Diesel,FWD,Coupe,Red,Black,5,No accident,Dealer,Good,Limited,6,17379.5,49666.5,Germany
Chevrolet,Tahoe,2020,79433,201,Automatic,Gasoline,AWD,SUV,Blue,Black,5,No accident,Dealer,Good,Limited,5,15886.6,20161.18,USA
Hyundai,Elantra,2016,178925,127,Manual,Diesel,FWD,SUV,White,Brown,5,No accident,Dealer,Good,EX,9,19880.555555555555,4113.63,South Korea
Chevrolet,Equinox,2024,15792,209,Manual,Electric,AWD,SUV,Black,Beige,1,No accident,Dealer,Excellent,LX,1,15792.0,32719.72,USA
Chevrolet,Malibu,2014,180061,235,Manual,Electric,RWD,Coupe,Blue,Beige,5,No accident,Dealer,Good,EX,11,16369.181818181818,8395.89,USA
Chevrolet,Tahoe,2021,72419,184,Manual,Electric,RWD,Coupe,Blue,Beige,5,Major,Dealer,Excellent,Limited,4,18104.75,17184.92,USA
Hyundai,Tucson,2017,83725,159,Manual,Diesel,RWD,SUV,Gray,Gray,3,No accident,Private,Good,Touring,8,10465.625,10235.82,South Korea
Lexus,ES,2011,238518,251,Automatic,Electric,RWD,Sedan,Red,Gray,5,No accident,Dealer,Good,Base,14,17037.0,6556.13,Japan
Mercedes-Benz,E-Class,2012,221206,343,Automatic,Gasoline,AWD,SUV,Black,Beige,5,No accident,Dealer,Good,Limited,13,17015.846153846152,13615.75,Germany
Ram,1500,2018,91835,177,Automatic,Diesel,RWD,Pickup Truck,Gray,Gray,2,No accident,Dealer,Excellent,Limited,7,13119.285714285714,21499.02,USA
Nissan,Rogue,2023,1300,96,Manual,Gasoline,FWD,Pickup Truck,Blue,Beige,2,No accident,Dealer,Excellent,Limited,2,650.0,24161.8,Japan
Hyundai,Tucson,2017,199283,151,Manual,Electric,RWD,Sedan,Black,Gray,3,No accident,Private,Excellent,Sport,8,24910.375,4722.16,South Korea
Acura,MDX,2010,199369,265,Automatic,Gasoline,FWD,SUV,White,Brown,5,No accident,Dealer,Good,Base,15,13291.266666666666,7003.89,Japan
Kia,Telluride,2014,65795,146,Automatic,Gasoline,AWD,SUV,Black,Beige,5,No accident,Private,Excellent,Sport,11,5981.363636363636,8403.27,South Korea
Cadillac,XT5,2016,201744,391,Manual,Diesel,RWD,Sedan,Gray,Beige,5,No accident,Dealer,Fair,Touring,9,22416.0,21652.26,USA
Mazda,CX-9,2019,52439,160,Manual,Diesel,AWD,Sedan,Silver,Brown,5,Minor,Dealer,Excellent,EX,6,8739.833333333334,16425.01,Japan
Subaru,Crosstrek,2022,37136,181,Automatic,Electric,AWD,Sedan,Blue,Gray,2,Minor,Dealer,Good,Sport,3,12378.666666666666,21817.96,Japan
Jeep,Wrangler,2025,2179,224,Manual,Electric,AWD,SUV,Red,Gray,1,No accident,Private,Good,Limited,1,2179.0,29187.84,USA
Subaru,Crosstrek,2017,159985,143,Manual,Electric,AWD,SUV,Blue,Gray,3,No accident,Dealer,Good,Touring,8,19998.125,9127.85,Japan
Ford,F-150,2013,163137,188,Manual,Diesel,FWD,SUV,Black,Black,2,Minor,Dealer,Excellent,Base,12,13594.75,5929.82,USA
Kia,Sportage,2025,8558,131,Automatic,Gasoline,FWD,SUV,Silver,Brown,1,No accident,Dealer,Excellent,Limited,1,8558.0,27552.88,South Korea
Dodge,Challenger,2022,45095,133,Manual,Electric,AWD,SUV,Blue,Brown,4,Major,Private,Good,Base,3,15031.666666666666,20556.34,USA
Toyota,Tacoma,2019,81384,152,Manual,Diesel,RWD,Sedan,Red,Beige,4,No accident,Private,Excellent,Base,6,13564.0,15100.54,Japan
Porsche,Cayenne,2012,300000,449,Manual,Diesel,AWD,Coupe,Red,Gray,5,Minor,Dealer,Excellent,Touring,13,23076.92307692308,18159.08,Germany
Ram,2500,2018,92936,188,Manual,Electric,AWD,Pickup Truck,White,Black,1,No accident,Dealer,Good,Limited,7,13276.57142857143,20619.46,USA
Honda,Civic,2014,287603,141,Automatic,Electric,FWD,SUV,Blue,Gray,5,No accident,Private,Excellent,LX,11,26145.727272727272,1500.0,Japan
Mercedes-Benz,E-Class,2020,95720,280,Manual,Electric,RWD,SUV,Black,Brown,5,No accident,Dealer,Good,Limited,5,19144.0,34182.59,Germany
Mazda,CX-5,2010,264602,187,Manual,Electric,AWD,Sedan,Black,Gray,5,No accident,Private,Excellent,Sport,15,17640.133333333335,1500.0,Japan
GMC,Acadia,2022,43400,232,Automatic,Electric,FWD,SUV,Black,Beige,5,No accident,Private,Good,EX,3,14466.666666666666,30529.69,USA
Audi,Q5,2014,139915,278,Manual,Electric,RWD,Coupe,White,Black,5,No accident,Private,Good,Base,11,12719.545454545454,17919.95,Germany
Ford,Mustang,2016,194650,226,Automatic,Electric,RWD,Sedan,Black,Black,5,Major,Dealer,Excellent,LX,9,21627.777777777777,6689.84,USA
Porsche,Panamera,2017,120642,478,Automatic,Diesel,AWD,Coupe,Black,Black,1,No accident,Dealer,Good,EX,8,15080.25,41110.18,Germany
Dodge,Charger,2023,45636,200,Automatic,Gasoline,RWD,SUV,Silver,Gray,1,Minor,Dealer,Excellent,Touring,2,22818.0,27677.15,USA
Audi,Q5,2008,117449,350,Manual,Electric,RWD,Coupe,Blue,Black,5,No accident,Dealer,Good,Base,17,6908.764705882353,12746.88,Germany
Volvo,XC90,2019,132135,296,Manual,Diesel,RWD,SUV,Blue,Gray,5,Minor,Private,Excellent,Base,6,22022.5,26107.01,Sweden
Mazda,Mazda6,2016,110111,142,Manual,Gasoline,AWD,Sedan,Red,Gray,4,No accident,Dealer,Excellent,Touring,9,12234.555555555557,9649.13,Japan
Toyota,Camry,2017,170133,187,Manual,Gasoline,AWD,Pickup Truck,Red,Black,2,No accident,Dealer,Excellent,EX,8,21266.625,8824.45,Japan
Kia,Sportage,2019,57697,139,Automatic,Electric,AWD,Sedan,Red,Black,3,No accident,Private,Fair,Sport,6,9616.166666666666,10924.77,South Korea
Audi,R8,2010,300000,345,Automatic,Gasoline,FWD,SUV,Blue,Black,4,Minor,Dealer,Good,Sport,15,20000.0,5069.24,Germany
Ford,Escape,2024,8382,142,Automatic,Electric,AWD,Coupe,Silver,Black,1,Minor,Private,Good,Sport,1,8382.0,25353.06,USA
Ram,2500,2018,104805,188,Automatic,Gasoline,RWD,Pickup Truck,Gray,Gray,1,No accident,Private,Good,LX,7,14972.142857142857,17347.22,USA
Ram,3500,2013,90832,204,Manual,Gasoline,FWD,Pickup Truck,Black,Black,5,No accident,Dealer,Excellent,Limited,12,7569.333333333333,13308.61,USA
Acura,RDX,2018,195819,213,Manual,Gasoline,RWD,SUV,Black,Black,5,Minor,Private,Good,Sport,7,27974.14285714286,13951.86,Japan
Subaru,Forester,2023,25416,165,Manual,Gasoline,AWD,Sedan,White,Beige,1,No accident,Dealer,Excellent,EX,2,12708.0,27088.67,Japan
GMC,Sierra,2016,141109,212,Automatic,Electric,AWD,SUV,Red,Gray,4,No accident,Private,Fair,Touring,9,15678.777777777776,12774.66,USA
Volkswagen,Tiguan,2014,201664,171,Manual,Gasoline,FWD,SUV,Red,Black,5,No accident,Private,Excellent,Touring,11,18333.090909090908,3625.57,Germany
Mercedes-Benz,S-Class,2015,143746,313,Automatic,Electric,AWD,Sedan,Black,Black,5,No accident,Private,Fair,Limited,10,14374.6,19666.05,Germany
Cadillac,XT5,2019,90764,378,Automatic,Diesel,AWD,SUV,Silver,Black,3,No accident,Dealer,Good,Base,6,15127.333333333334,33257.0,USA
Mercedes-Benz,C-Class,2019,174318,368,Manual,Electric,RWD,Sedan,Red,Black,1,No accident,Private,Excellent,Touring,6,29053.0,30284.3,Germany
Porsche,Cayenne,2021,48795,448,Manual,Gasoline,RWD,SUV,Red,Beige,3,Minor,Dealer,Excellent,Touring,4,12198.75,58275.07,Germany
Chevrolet,Malibu,2017,191995,221,Automatic,Electric,AWD,Sedan,Gray,Brown,5,No accident,Dealer,Good,LX,8,23999.375,10788.07,USA
Tesla,Model S,2013,237172,365,Automatic,Electric,FWD,Sedan,Silver,Brown,5,Minor,Dealer,Excellent,Sport,12,19764.33333333333,16567.27,USA
Kia,Telluride,2025,12057,121,Automatic,Diesel,AWD,SUV,Silver,Black,1,No accident,Dealer,Excellent,Base,1,12057.0,23451.48,South Korea
BMW,X5,2021,76315,221,Manual,Electric,AWD,Coupe,Red,Brown,5,No accident,Private,Excellent,Sport,4,19078.75,35822.47,Germany
Audi,Q5,2010,195932,298,Automatic,Diesel,RWD,SUV,Silver,Brown,5,No accident,Dealer,Excellent,Sport,15,13062.133333333331,10570.02,Germany
Volkswagen,Jetta,2018,154743,166,Automatic,Diesel,FWD,Hatchback,White,Brown,4,Major,Dealer,Excellent,Base,7,22106.14285714286,8031.02,Germany
Ford,Mustang,2016,146298,212,Automatic,Diesel,FWD,SUV,Silver,Brown,4,Minor,Dealer,Excellent,Base,9,16255.333333333334,10083.14,USA
Toyota,RAV4,2021,14705,115,Manual,Electric,AWD,Sedan,Black,Black,5,No accident,Dealer,Excellent,LX,4,3676.25,22036.59,Japan
Honda,Accord,2018,65692,171,Manual,Electric,AWD,Minivan,Silver,Beige,4,No accident,Private,Excellent,LX,7,9384.57142857143,14413.62,Japan
Tesla,Model X,2018,94261,343,Automatic,Electric,FWD,SUV,Blue,Black,5,No accident,Private,Good,EX,7,13465.857142857143,30927.55,USA
Jeep,Cherokee,2022,39280,268,Manual,Diesel,FWD,SUV,Gray,Brown,2,No accident,Dealer,Good,Touring,3,13093.333333333334,29539.7,USA
Honda,Pilot,2016,145838,119,Manual,Diesel,RWD,Sedan,Black,Beige,5,No accident,Dealer,Excellent,EX,9,16204.222222222224,7129.37,Japan
Mazda,CX-9,2019,72392,130,Automatic,Electric,FWD,SUV,Blue,Black,3,No accident,Dealer,Good,EX,6,12065.333333333334,14101.41,Japan
Tesla,Model 3,2014,248176,369,Automatic,Electric,RWD,SUV,White,Beige,2,No accident,Dealer,Good,Limited,11,22561.454545454544,18503.25,USA
Audi,A6,2017,151437,270,Automatic,Gasoline,RWD,Coupe,Black,Brown,5,Minor,Dealer,Good,LX,8,18929.625,20796.38,Germany
Kia,Telluride,2016,147472,137,Manual,Diesel,AWD,Sedan,Red,Beige,4,No accident,Dealer,Fair,Base,9,16385.777777777777,5694.66,South Korea
Mazda,CX-5,2021,71009,147,Automatic,Diesel,AWD,SUV,Blue,Gray,2,No accident,Dealer,Excellent,Base,4,17752.25,18034.0,Japan
Audi,A4,2025,5143,307,Manual,Diesel,FWD,Coupe,Blue,Beige,1,No accident,Dealer,Good,Base,1,5143.0,54786.13,Germany
Honda,Accord,2015,125091,133,Manual,Electric,AWD,SUV,Red,Beige,4,No accident,Dealer,Good,Base,10,12509.1,7082.48,Japan
Mazda,Mazda3,2018,177501,156,Automatic,Electric,FWD,Sedan,Blue,Gray,4,No accident,Dealer,Excellent,EX,7,25357.285714285717,8849.25,Japan
BMW,X3,2015,225142,290,Manual,Gasoline,RWD,SUV,Black,Beige,2,No accident,Dealer,Good,Limited,10,22514.2,14960.09,Germany
Hyundai,Santa Fe,2013,240003,108,Manual,Diesel,RWD,Sedan,Black,Brown,5,No accident,Private,Excellent,EX,12,20000.25,1500.0,South Korea
Land Rover,Range Rover,2016,60646,379,Manual,Diesel,FWD,SUV,Silver,Beige,2,No accident,Private,Excellent,Touring,9,6738.444444444444,37016.22,UK
Volkswagen,Passat,2014,161892,163,Manual,Electric,AWD,Sedan,Black,Gray,5,No accident,Private,Good,Limited,11,14717.454545454546,5329.17,Germany
Honda,Pilot,2022,70277,196,Manual,Gasoline,FWD,Sedan,Blue,Beige,2,No accident,Private,Good,EX,3,23425.666666666668,17570.86,Japan
Chevrolet,Tahoe,2016,144051,240,Automatic,Diesel,RWD,Sedan,White,Black,2,No accident,Dealer,Fair,Limited,9,16005.666666666666,11701.01,USA
Chevrolet,Malibu,2019,121488,156,Automatic,Diesel,FWD,Coupe,Gray,Beige,5,No accident,Dealer,Fair,Limited,6,20248.0,13793.23,USA
Dodge,Charger,2014,115103,156,Manual,Diesel,RWD,Sedan,Blue,Brown,2,No accident,Dealer,Good,EX,11,10463.90909090909,10067.23,USA
Mazda,Mazda6,2024,1264,182,Manual,Electric,FWD,Hatchback,Silver,Brown,2,No accident,Dealer,Good,LX,1,1264.0,27169.33,Japan
Hyundai,Santa Fe,2012,300000,152,Manual,Diesel,AWD,Sedan,White,Gray,5,No accident,Dealer,Excellent,Limited,13,23076.92307692308,1500.0,South Korea
Land Rover,Discovery,2018,108886,397,Automatic,Electric,FWD,SUV,Black,Brown,2,Minor,Dealer,Excellent,EX,7,15555.142857142857,37431.11,UK
BMW,M3,2021,111640,242,Automatic,Diesel,RWD,SUV,Black,Brown,3,No accident,Private,Good,Touring,4,27910.0,32539.52,Germany
Land Rover,Discovery,2014,128742,422,Manual,Diesel,FWD,SUV,Red,Brown,5,No accident,Dealer,Good,Sport,11,11703.818181818182,29928.19,UK
Chevrolet,Silverado,2016,92784,232,Manual,Diesel,AWD,SUV,Red,Brown,5,No accident,Dealer,Good,EX,9,10309.333333333334,16103.49,USA
Audi,Q7,2017,188831,287,Automatic,Gasoline,RWD,Sedan,Black,Gray,5,Minor,Dealer,Good,Limited,8,23603.875,19986.78,Germany
Hyundai,Santa Fe,2021,87264,148,Automatic,Diesel,RWD,SUV,Gray,Black,3,No accident,Private,Good,Touring,4,21816.0,12979.28,South Korea
Toyota,Tacoma,2022,55747,169,Automatic,Electric,AWD,Pickup Truck,Gray,Gray,2,No accident,Private,Excellent,Limited,3,18582.33333333333,19864.66,Japan
Volkswagen,Tiguan,2010,226280,171,Manual,Gasoline,FWD,SUV,White,Beige,5,No accident,Private,Excellent,Limited,15,15085.333333333334,1500.0,Germany
Porsche,Panamera,2018,134282,439,Manual,Diesel,AWD,SUV,Silver,Gray,3,No accident,Dealer,Good,Limited,7,19183.14285714286,44116.25,Germany
Mazda,CX-5,2014,237314,123,Manual,Diesel,FWD,Hatchback,Silver,Gray,5,Minor,Dealer,Good,Base,11,21574.0,1500.0,Japan
Chrysler,300,2020,59075,199,Automatic,Diesel,RWD,Sedan,Silver,Gray,2,No accident,Private,Good,Touring,5,11815.0,23866.85,USA
Land Rover,Discovery,2018,136622,404,Automatic,Gasoline,RWD,SUV,Gray,Black,3,Minor,Private,Excellent,EX,7,19517.42857142857,36620.0,UK
Land Rover,Range Rover,2011,283311,365,Manual,Electric,RWD,SUV,Black,Black,5,No accident,Dealer,Good,Base,14,20236.5,13049.19,UK
Toyota,Highlander,2022,40551,173,Manual,Diesel,AWD,SUV,White,Brown,1,No accident,Private,Excellent,EX,3,13517.0,22706.53,Japan
Hyundai,Elantra,2017,97290,123,Automatic,Diesel,AWD,SUV,Silver,Black,2,No accident,Private,Good,EX,8,12161.25,9022.57,South Korea
Honda,Civic,2015,50330,146,Automatic,Diesel,RWD,Sedan,Silver,Beige,5,No accident,Private,Fair,Touring,10,5033.0,9652.39,Japan
Chevrolet,Malibu,2016,126077,255,Manual,Diesel,FWD,Pickup Truck,Gray,Beige,5,Major,Dealer,Excellent,Touring,9,14008.555555555557,10296.55,USA
Chrysler,300,2015,110851,195,Automatic,Gasoline,FWD,Minivan,Blue,Gray,4,No accident,Dealer,Fair,EX,10,11085.1,12226.35,USA
Audi,A4,2013,213626,365,Manual,Electric,AWD,Coupe,White,Black,4,No accident,Dealer,Excellent,LX,12,17802.166666666668,15949.88,Germany
Mazda,Mazda6,2013,33704,174,Automatic,Gasoline,AWD,Hatchback,Gray,Beige,5,No accident,Private,Good,Touring,12,2808.6666666666665,11270.77,Japan
Ford,Escape,2020,59717,188,Automatic,Electric,RWD,Sedan,Blue,Beige,5,No accident,Private,Good,Touring,5,11943.4,19684.85,USA
Dodge,Challenger,2017,92012,177,Manual,Gasoline,RWD,SUV,Silver,Brown,3,No accident,Private,Excellent,EX,8,11501.5,15431.07,USA
Porsche,Cayenne,2017,232517,465,Automatic,Gasoline,AWD,SUV,White,Brown,3,No accident,Dealer,Good,Touring,8,29064.625,34484.88,Germany
Hyundai,Elantra,2022,28916,130,Manual,Gasoline,FWD,Sedan,Black,Black,1,Minor,Dealer,Fair,Touring,3,9638.666666666666,15346.44,South Korea
Jeep,Compass,2010,195482,194,Automatic,Diesel,AWD,SUV,Blue,Gray,5,Minor,Private,Excellent,LX,15,13032.133333333331,3292.51,USA
Ford,Mustang,2025,3495,194,Manual,Electric,AWD,Sedan,Black,Gray,1,No accident,Private,Excellent,Touring,1,3495.0,29516.01,USA
Chevrolet,Malibu,2014,89695,224,Manual,Diesel,FWD,SUV,Silver,Beige,5,Minor,Dealer,Excellent,Base,11,8154.090909090909,12401.23,USA
Mazda,Mazda3,2017,225482,93,Automatic,Gasoline,RWD,SUV,Silver,Black,5,No accident,Private,Excellent,EX,8,28185.25,3377.12,Japan
Honda,CR-V,2017,190044,126,Manual,Gasoline,RWD,Sedan,Blue,Beige,4,No accident,Dealer,Fair,Base,8,23755.5,5190.12,Japan
Dodge,Durango,2019,122134,205,Automatic,Gasoline,RWD,Sedan,Gray,Gray,2,No accident,Dealer,Good,Limited,6,20355.666666666668,16900.05,USA
Tesla,Model X,2013,207522,325,Automatic,Electric,AWD,Sedan,Red,Black,5,No accident,Dealer,Good,Limited,12,17293.5,17148.71,USA
Mercedes-Benz,E-Class,2013,193984,334,Manual,Gasoline,FWD,Sedan,Silver,Beige,3,No accident,Dealer,Fair,Limited,12,16165.333333333334,13838.13,Germany
Honda,Odyssey,2021,63244,137,Automatic,Diesel,FWD,Sedan,Red,Gray,1,Minor,Private,Good,Base,4,15811.0,14974.2,Japan
Chevrolet,Tahoe,2018,129495,175,Manual,Gasoline,RWD,SUV,Gray,Brown,3,No accident,Private,Fair,LX,7,18499.285714285717,12199.63,USA
Chrysler,Pacifica,2020,70521,203,Automatic,Gasoline,FWD,Sedan,Black,Black,3,No accident,Dealer,Fair,EX,5,14104.2,22743.67,USA
Chevrolet,Silverado,2018,61056,186,Automatic,Diesel,FWD,Coupe,Black,Gray,5,No accident,Dealer,Good,Touring,7,8722.285714285714,19039.58,USA
Subaru,Crosstrek,2012,153912,134,Automatic,Electric,AWD,SUV,White,Black,5,Minor,Dealer,Excellent,EX,13,11839.384615384615,4358.14,Japan
Volvo,XC60,2020,58916,309,Manual,Electric,RWD,Wagon,Red,Beige,1,No accident,Dealer,Excellent,LX,5,11783.2,39636.17,Sweden
Ram,1500,2015,161201,193,Automatic,Diesel,RWD,Pickup Truck,Blue,Gray,2,No accident,Dealer,Excellent,LX,10,16120.1,12338.04,USA
Honda,Odyssey,2014,205296,152,Automatic,Gasoline,FWD,Minivan,White,Beige,4,No accident,Dealer,Fair,Limited,11,18663.272727272728,2137.89,Japan
Mercedes-Benz,GLE,2020,75113,365,Automatic,Diesel,RWD,Sedan,Gray,Brown,4,No accident,Dealer,Excellent,EX,5,15022.6,38525.37,Germany
Acura,RDX,2020,53065,221,Manual,Gasoline,RWD,Sedan,Red,Brown,3,No accident,Dealer,Good,EX,5,10613.0,29602.67,Japan
Nissan,Altima,2023,12147,90,Automatic,Diesel,FWD,Sedan,Blue,Black,5,Minor,Private,Good,Sport,2,6073.5,20465.35,Japan
Land Rover,Discovery,2012,245561,395,Automatic,Gasoline,FWD,SUV,Blue,Brown,5,No accident,Dealer,Good,Sport,13,18889.30769230769,18726.85,UK
Volkswagen,Atlas,2024,6160,124,Automatic,Diesel,FWD,SUV,White,Beige,3,No accident,Private,Good,Sport,1,6160.0,21958.74,Germany
Toyota,Corolla,2017,146015,175,Automatic,Electric,FWD,Sedan,White,Black,2,Minor,Private,Good,Sport,8,18251.875,7448.91,Japan
Toyota,Corolla,2023,31295,191,Automatic,Gasoline,AWD,SUV,Silver,Beige,1,No accident,Dealer,Fair,EX,2,15647.5,21514.23,Japan
Chevrolet,Tahoe,2014,191684,202,Automatic,Electric,AWD,Coupe,Red,Beige,5,No accident,Dealer,Excellent,Limited,11,17425.81818181818,7182.5,USA
Honda,Accord,2009,196000,171,Manual,Gasoline,FWD,SUV,White,Beige,5,Minor,Dealer,Fair,LX,16,12250.0,1500.0,Japan
Cadillac,Lyriq,2019,49072,347,Manual,Diesel,FWD,SUV,Blue,Gray,5,Major,Dealer,Good,LX,6,8178.666666666667,26194.38,USA
Toyota,RAV4,2015,300000,146,Automatic,Gasoline,RWD,Pickup Truck,Black,Beige,5,No accident,Dealer,Fair,Limited,10,30000.0,1500.0,Japan
Audi,Q7,2018,119850,262,Automatic,Gasoline,AWD,SUV,Gray,Brown,2,Minor,Dealer,Good,Sport,7,17121.428571428572,24905.24,Germany
GMC,Sierra,2018,145705,286,Manual,Electric,FWD,Pickup Truck,Silver,Gray,3,No accident,Private,Good,EX,7,20815.0,18670.42,USA
Volvo,V60,2020,65372,334,Automatic,Gasoline,AWD,SUV,Red,Gray,4,No accident,Dealer,Excellent,LX,5,13074.4,34010.55,Sweden
Ram,3500,2019,71873,264,Manual,Gasoline,FWD,Pickup Truck,Black,Black,3,No accident,Private,Excellent,LX,6,11978.833333333334,23623.03,USA
Cadillac,Escalade,2020,55429,348,Automatic,Electric,RWD,Sedan,Black,Brown,1,No accident,Dealer,Good,Limited,5,11085.8,38125.16,USA
GMC,Acadia,2018,127959,236,Automatic,Gasoline,AWD,SUV,White,Black,2,Major,Private,Excellent,EX,7,18279.85714285714,14451.15,USA
Tesla,Model X,2020,78249,344,Automatic,Electric,RWD,SUV,Blue,Brown,1,No accident,Private,Excellent,EX,5,15649.8,42924.29,USA
Mercedes-Benz,S-Class,2023,20240,382,Manual,Gasoline,FWD,Coupe,Gray,Beige,4,Major,Dealer,Good,EX,2,10120.0,38594.27,Germany
Kia,Sportage,2018,60941,156,Automatic,Electric,AWD,SUV,Blue,Brown,5,No accident,Private,Excellent,Limited,7,8705.857142857143,12327.51,South Korea
Toyota,Tacoma,2016,84914,186,Manual,Gasoline,RWD,Sedan,White,Gray,1,No accident,Dealer,Good,Sport,9,9434.888888888889,12435.92,Japan
Mercedes-Benz,C-Class,2016,108202,327,Automatic,Gasoline,AWD,Coupe,White,Black,4,Major,Private,Good,Touring,9,12022.444444444443,19398.01,Germany
Porsche,911,2018,128320,488,Manual,Diesel,RWD,Coupe,Gray,Gray,4,No accident,Private,Excellent,EX,7,18331.42857142857,43907.8,Germany
Lexus,ES,2009,96612,294,Manual,Gasoline,AWD,Sedan,Blue,Gray,5,No accident,Dealer,Good,Sport,16,6038.25,12109.35,Japan
Ford,Escape,2022,54646,193,Manual,Electric,AWD,SUV,Black,Brown,2,No accident,Private,Excellent,Limited,3,18215.33333333333,23168.88,USA
Audi,Q5,2014,192071,224,Manual,Electric,FWD,SUV,Blue,Gray,2,No accident,Dealer,Excellent,Sport,11,17461.0,14307.79,Germany
Mercedes-Benz,E-Class,2016,153333,291,Manual,Electric,FWD,Sedan,Gray,Brown,5,Major,Private,Excellent,EX,9,17037.0,14821.91,Germany
Volkswagen,Jetta,2021,41845,159,Automatic,Electric,FWD,SUV,Red,Gray,1,No accident,Private,Good,Base,4,10461.25,18378.38,Germany
Cadillac,XT5,2019,81931,284,Automatic,Electric,AWD,Sedan,Black,Brown,5,No accident,Private,Excellent,Base,6,13655.166666666666,32234.7,USA
Nissan,Titan,2025,12198,165,Manual,Electric,AWD,SUV,Red,Gray,1,No accident,Dealer,Good,Base,1,12198.0,27132.57,Japan
BMW,5 Series,2009,229430,269,Automatic,Gasoline,AWD,Sedan,Blue,Black,5,No accident,Dealer,Excellent,Touring,16,14339.375,6471.32,Germany
Mazda,Mazda3,2017,156831,95,Manual,Gasoline,AWD,Sedan,White,Gray,5,No accident,Dealer,Excellent,Base,8,19603.875,6903.38,Japan
Chevrolet,Camaro,2018,193559,222,Manual,Gasoline,AWD,SUV,White,Gray,5,No accident,Private,Excellent,Base,7,27651.285714285717,11711.11,USA
Acura,TLX,2017,124758,247,Manual,Gasoline,RWD,SUV,Silver,Black,3,Minor,Private,Excellent,EX,8,15594.75,18521.44,Japan
Subaru,Forester,2018,107469,164,Manual,Electric,AWD,Sedan,Gray,Gray,4,No accident,Private,Excellent,EX,7,15352.714285714286,12137.63,Japan
GMC,Yukon,2018,50406,225,Automatic,Electric,FWD,SUV,Gray,Beige,5,No accident,Private,Excellent,EX,7,7200.857142857143,22949.45,USA
Tesla,Model 3,2019,123007,338,Automatic,Electric,AWD,SUV,Silver,Brown,1,Minor,Private,Excellent,LX,6,20501.166666666668,34831.19,USA
Chevrolet,Malibu,2020,42126,254,Automatic,Electric,RWD,Coupe,Black,Gray,5,No accident,Dealer,Excellent,EX,5,8425.2,25739.21,USA
Hyundai,Sonata,2009,162633,166,Manual,Gasoline,FWD,SUV,Blue,Brown,5,No accident,Dealer,Excellent,LX,16,10164.5625,1500.0,South Korea
Dodge,Charger,2024,31817,178,Automatic,Gasoline,FWD,Coupe,Gray,Gray,1,No accident,Private,Good,LX,1,31817.0,30220.05,USA
Chrysler,300,2013,205587,199,Automatic,Diesel,FWD,Sedan,Gray,Beige,5,Major,Private,Good,Limited,12,17132.25,4608.88,USA
Mazda,Mazda3,2015,109282,173,Automatic,Electric,FWD,SUV,Red,Gray,2,Minor,Dealer,Good,Limited,10,10928.2,8375.23,Japan
GMC,Yukon,2013,49235,299,Manual,Diesel,AWD,SUV,Black,Gray,3,No accident,Dealer,Excellent,Touring,12,4102.916666666667,18483.91,USA
Volkswagen,Tiguan,2020,53307,225,Automatic,Electric,AWD,Hatchback,Black,Brown,1,Minor,Private,Good,Base,5,10661.4,16270.25,Germany
Chrysler,300,2018,131239,221,Automatic,Diesel,AWD,Sedan,Silver,Black,5,Minor,Dealer,Excellent,LX,7,18748.42857142857,15753.53,USA
Dodge,Charger,2013,219428,209,Automatic,Diesel,AWD,Coupe,Red,Beige,5,No accident,Private,Good,Base,12,18285.666666666668,4383.77,USA
Subaru,Outback,2015,174088,170,Manual,Gasoline,AWD,Sedan,Silver,Brown,5,No accident,Dealer,Excellent,EX,10,17408.8,7751.37,Japan
Volkswagen,Tiguan,2017,150640,193,Manual,Diesel,RWD,Hatchback,Red,Gray,3,No accident,Dealer,Excellent,Touring,8,18830.0,11096.61,Germany
Jeep,Compass,2018,128777,198,Automatic,Electric,FWD,SUV,Gray,Beige,2,No accident,Dealer,Good,Base,7,18396.714285714286,16205.94,USA
BMW,5 Series,2023,43183,331,Automatic,Electric,AWD,Sedan,Red,Brown,1,No accident,Dealer,Good,Sport,2,21591.5,47358.81,Germany
Cadillac,XT5,2014,89764,300,Automatic,Diesel,RWD,Sedan,Red,Beige,5,No accident,Private,Excellent,EX,11,8160.363636363636,22166.39,USA
Honda,Pilot,2011,231422,150,Automatic,Diesel,RWD,SUV,White,Black,4,No accident,Dealer,Good,Base,14,16530.14285714286,1500.0,Japan
Honda,Pilot,2016,144564,135,Automatic,Gasoline,AWD,Sedan,Silver,Brown,1,No accident,Dealer,Good,LX,9,16062.666666666666,7137.01,Japan
Dodge,Durango,2016,159179,212,Automatic,Gasoline,RWD,Sedan,Red,Brown,5,No accident,Private,Fair,Limited,9,17686.555555555555,10102.69,USA
Hyundai,Santa Fe,2023,28723,148,Automatic,Diesel,FWD,Sedan,Red,Gray,2,Minor,Dealer,Fair,LX,2,14361.5,15792.68,South Korea
Nissan,Altima,2018,117965,164,Manual,Electric,FWD,Sedan,Gray,Black,5,No accident,Dealer,Good,LX,7,16852.14285714286,11310.49,Japan
Ram,1500,2011,231579,217,Automatic,Electric,RWD,Pickup Truck,Red,Brown,4,Minor,Dealer,Good,Limited,14,16541.35714285714,3335.57,USA
Mercedes-Benz,C-Class,2017,148394,339,Automatic,Gasoline,FWD,Sedan,Blue,Gray,5,No accident,Private,Good,Base,8,18549.25,27021.34,Germany
Toyota,RAV4,2015,152583,142,Automatic,Electric,AWD,SUV,Silver,Beige,5,No accident,Private,Excellent,LX,10,15258.3,6616.23,Japan
Chevrolet,Malibu,2013,177377,184,Automatic,Electric,FWD,Pickup Truck,Gray,Beige,4,No accident,Dealer,Good,Sport,12,14781.416666666666,6382.54,USA
Jeep,Compass,2025,1994,238,Automatic,Gasoline,FWD,SUV,Red,Gray,1,No accident,Dealer,Excellent,Base,1,1994.0,38563.46,USA
Audi,R8,2017,111779,302,Automatic,Gasoline,RWD,Sedan,Silver,Beige,4,No accident,Dealer,Excellent,LX,8,13972.375,26724.7,Germany
Jeep,Wrangler,2020,72317,185,Automatic,Electric,RWD,SUV,Gray,Beige,4,No accident,Dealer,Fair,EX,5,14463.4,20263.37,USA
Jeep,Compass,2017,143463,160,Automatic,Electric,FWD,SUV,White,Gray,5,Major,Dealer,Good,Touring,8,17932.875,9769.35,USA
Ram,2500,2015,37604,246,Manual,Diesel,FWD,Pickup Truck,White,Beige,4,Minor,Dealer,Excellent,Limited,10,3760.4,17093.33,USA
Porsche,Panamera,2020,78169,487,Manual,Gasoline,FWD,Coupe,Gray,Brown,5,No accident,Dealer,Good,Limited,5,15633.8,50459.49,Germany
Volkswagen,Tiguan,2016,148879,153,Automatic,Electric,AWD,Hatchback,Red,Gray,5,No accident,Private,Good,LX,9,16542.11111111111,7797.9,Germany
Tesla,Model S,2021,63040,320,Automatic,Electric,AWD,Sedan,Gray,Brown,2,No accident,Dealer,Fair,Sport,4,15760.0,40651.21,USA
Jeep,Compass,2015,252937,175,Manual,Gasoline,AWD,SUV,Silver,Beige,5,No accident,Dealer,Excellent,Base,10,25293.7,5545.59,USA
Mercedes-Benz,C-Class,2013,178799,334,Automatic,Diesel,AWD,SUV,Gray,Black,5,No accident,Dealer,Fair,Limited,12,14899.916666666666,14928.31,Germany
Hyundai,Sonata,2023,35898,143,Automatic,Electric,RWD,SUV,White,Black,1,No accident,Dealer,Good,LX,2,17949.0,22938.38,South Korea
Cadillac,Escalade,2013,173713,327,Automatic,Electric,RWD,Sedan,Blue,Gray,4,No accident,Private,Excellent,Base,12,14476.083333333334,17802.68,USA
Chrysler,Pacifica,2016,36102,210,Automatic,Diesel,RWD,Sedan,Silver,Beige,3,No accident,Private,Excellent,Touring,9,4011.3333333333335,20281.14,USA
Land Rover,Discovery,2018,41194,435,Automatic,Gasoline,FWD,SUV,Red,Gray,5,No accident,Private,Fair,LX,7,5884.857142857143,36103.16,UK
Honda,CR-V,2023,35206,166,Manual,Diesel,FWD,SUV,White,Gray,3,Minor,Dealer,Good,Sport,2,17603.0,22480.45,Japan
Chrysler,Pacifica,2015,159271,204,Manual,Gasoline,FWD,Sedan,Silver,Gray,5,No accident,Dealer,Excellent,Base,10,15927.1,12165.6,USA
Cadillac,Escalade,2015,203092,329,Automatic,Diesel,AWD,SUV,Gray,Brown,4,No accident,Dealer,Good,EX,10,20309.2,20191.81,USA
Volvo,V60,2010,120966,275,Manual,Gasoline,RWD,Sedan,Red,Brown,5,Minor,Private,Excellent,LX,15,8064.4,12913.07,Sweden
Cadillac,CT5,2022,64566,342,Automatic,Gasoline,FWD,Sedan,White,Beige,1,No accident,Dealer,Excellent,Limited,3,21522.0,49462.32,USA
Ram,1500,2015,163098,261,Manual,Diesel,AWD,Pickup Truck,Blue,Gray,5,Minor,Dealer,Good,Touring,10,16309.8,11533.94,USA
Acura,Integra,2021,77100,252,Manual,Electric,AWD,Sedan,Blue,Gray,2,No accident,Dealer,Excellent,LX,4,19275.0,33041.23,Japan
Cadillac,Escalade,2017,136929,290,Automatic,Gasoline,AWD,SUV,White,Black,4,No accident,Dealer,Excellent,Base,8,17116.125,27686.52,USA
Dodge,Challenger,2016,95954,198,Automatic,Gasoline,AWD,SUV,Gray,Beige,4,No accident,Private,Excellent,Sport,9,10661.555555555557,13779.26,USA
Volvo,S60,2016,136375,304,Automatic,Diesel,AWD,Wagon,Silver,Beige,4,No accident,Dealer,Excellent,Base,9,15152.777777777776,23127.78,Sweden
Acura,MDX,2022,62824,295,Manual,Electric,RWD,Sedan,Blue,Beige,3,No accident,Dealer,Good,Touring,3,20941.33333333333,39961.19,Japan
Mercedes-Benz,S-Class,2023,22336,310,Manual,Electric,FWD,Sedan,Black,Brown,1,Minor,Dealer,Good,LX,2,11168.0,47456.24,Germany
Chrysler,Pacifica,2012,133444,210,Manual,Gasoline,AWD,Sedan,White,Brown,5,No accident,Dealer,Good,Sport,13,10264.923076923076,10312.93,USA
Mercedes-Benz,GLE,2015,169429,261,Manual,Electric,FWD,SUV,Red,Beige,4,No accident,Dealer,Excellent,Base,10,16942.9,21256.83,Germany
Volkswagen,Passat,2018,128050,161,Automatic,Gasoline,AWD,Sedan,Silver,Black,4,Minor,Dealer,Good,EX,7,18292.85714285714,10852.9,Germany
Mercedes-Benz,GLE,2015,95174,311,Manual,Gasoline,AWD,SUV,Red,Brown,5,No accident,Private,Good,Base,10,9517.4,22425.48,Germany
Mazda,Mazda3,2025,5638,206,Automatic,Gasoline,RWD,SUV,Gray,Black,1,No accident,Private,Fair,EX,1,5638.0,23739.61,Japan
Honda,CR-V,2013,266567,167,Automatic,Electric,FWD,Sedan,Red,Black,5,No accident,Dealer,Good,Sport,12,22213.916666666668,1500.0,Japan
GMC,Yukon,2010,164993,200,Automatic,Gasoline,RWD,Pickup Truck,Black,Beige,5,No accident,Private,Good,Base,15,10999.533333333333,7085.19,USA
Honda,Accord,2018,106888,147,Manual,Diesel,FWD,Minivan,Red,Brown,2,Minor,Private,Excellent,EX,7,15269.714285714286,10887.73,Japan
Nissan,Pathfinder,2022,59882,111,Manual,Gasoline,FWD,Pickup Truck,Red,Gray,1,No accident,Private,Good,Touring,3,19960.666666666668,17389.86,Japan
Volkswagen,Tiguan,2017,169289,211,Manual,Diesel,FWD,Sedan,Black,Black,4,Minor,Dealer,Good,LX,8,21161.125,8663.24,Germany
Ram,2500,2018,53267,186,Manual,Electric,AWD,Pickup Truck,Black,Black,3,No accident,Dealer,Excellent,Base,7,7609.571428571428,22533.84,USA
Acura,TLX,2014,91120,221,Automatic,Gasoline,AWD,Sedan,Black,Black,5,Minor,Dealer,Excellent,Sport,11,8283.636363636364,15667.73,Japan
Kia,Sorento,2012,130107,106,Automatic,Gasoline,FWD,Sedan,Black,Beige,3,No accident,Dealer,Excellent,EX,13,10008.23076923077,3727.3,South Korea
Dodge,Challenger,2019,20425,216,Automatic,Gasoline,AWD,Sedan,Blue,Beige,3,Minor,Private,Good,Base,6,3404.1666666666665,18536.73,USA
Cadillac,Escalade,2015,130854,366,Manual,Gasoline,RWD,Sedan,Blue,Gray,5,No accident,Dealer,Good,Touring,10,13085.4,24054.73,USA
Chevrolet,Equinox,2010,232725,180,Automatic,Electric,AWD,Pickup Truck,Red,Beige,5,Minor,Dealer,Good,Base,15,15515.0,1500.0,USA
Kia,Sorento,2016,126149,136,Manual,Diesel,RWD,SUV,Gray,Beige,4,Minor,Dealer,Good,Sport,9,14016.555555555557,6553.58,South Korea
BMW,X5,2016,64080,271,Automatic,Diesel,AWD,Sedan,Silver,Brown,5,No accident,Dealer,Excellent,Base,9,7120.0,26836.01,Germany
Acura,Integra,2018,101334,230,Automatic,Electric,AWD,Sedan,Silver,Brown,4,Major,Dealer,Excellent,Touring,7,14476.285714285714,18210.97,Japan
GMC,Acadia,2013,127253,199,Automatic,Gasoline,FWD,SUV,Silver,Beige,4,No accident,Dealer,Good,Touring,12,10604.416666666666,11118.11,USA
Hyundai,Elantra,2015,79542,96,Manual,Electric,RWD,Sedan,White,Beige,5,Minor,Dealer,Good,Touring,10,7954.2,7415.54,South Korea
Hyundai,Sonata,2016,155149,172,Manual,Electric,AWD,SUV,Silver,Beige,5,No accident,Dealer,Good,Base,9,17238.777777777777,6466.75,South Korea
Mercedes-Benz,S-Class,2012,171477,329,Automatic,Diesel,AWD,SUV,Red,Gray,5,No accident,Dealer,Excellent,Sport,13,13190.53846153846,17195.69,Germany
Mercedes-Benz,C-Class,2022,14511,308,Automatic,Diesel,FWD,Coupe,Black,Beige,2,No accident,Dealer,Fair,LX,3,4837.0,43152.03,Germany
Cadillac,CT5,2017,91970,336,Manual,Electric,FWD,Sedan,White,Brown,4,Major,Private,Excellent,EX,8,11496.25,23958.6,USA
Honda,Pilot,2020,62278,180,Automatic,Diesel,FWD,SUV,Gray,Black,5,No accident,Private,Excellent,Limited,5,12455.6,15738.6,Japan
Audi,A4,2014,211836,336,Manual,Gasoline,RWD,Sedan,Blue,Beige,5,No accident,Dealer,Excellent,LX,11,19257.81818181818,17291.14,Germany
Tesla,Model S,2014,137075,391,Automatic,Electric,RWD,Sedan,Gray,Black,3,No accident,Dealer,Excellent,LX,11,12461.363636363636,23524.36,USA
Nissan,Sentra,2019,87827,206,Manual,Gasoline,AWD,SUV,Gray,Brown,5,No accident,Private,Good,LX,6,14637.833333333334,12289.57,Japan
Mazda,Mazda6,2017,89934,197,Manual,Electric,FWD,Hatchback,Gray,Brown,5,No accident,Dealer,Excellent,EX,8,11241.75,13937.78,Japan
Honda,Odyssey,2014,242685,99,Automatic,Electric,AWD,Sedan,Black,Gray,4,Minor,Dealer,Good,Touring,11,22062.272727272728,1500.0,Japan
GMC,Terrain,2017,83252,244,Manual,Diesel,RWD,Pickup Truck,Red,Gray,5,Major,Dealer,Good,LX,8,10406.5,17012.46,USA
Chevrolet,Camaro,2012,186987,145,Manual,Electric,FWD,Pickup Truck,White,Gray,4,No accident,Dealer,Excellent,LX,13,14383.615384615385,4253.52,USA
Honda,Civic,2019,99682,167,Manual,Electric,RWD,Minivan,White,Gray,4,No accident,Private,Excellent,Touring,6,16613.666666666668,14817.34,Japan
Land Rover,Discovery,2019,103239,397,Automatic,Gasoline,FWD,SUV,White,Brown,4,No accident,Dealer,Good,Touring,6,17206.5,43123.82,UK
Ram,3500,2017,92919,219,Manual,Diesel,AWD,Pickup Truck,White,Gray,2,Minor,Private,Excellent,Touring,8,11614.875,17485.44,USA
Acura,MDX,2025,994,238,Manual,Gasoline,AWD,Sedan,Silver,Black,1,Minor,Private,Good,EX,1,994.0,33759.65,Japan
Hyundai,Sonata,2019,94554,116,Manual,Gasoline,AWD,SUV,Blue,Gray,5,No accident,Dealer,Good,EX,6,15759.0,11952.68,South Korea
Nissan,Titan,2018,163102,116,Manual,Diesel,RWD,Sedan,White,Brown,1,Minor,Dealer,Good,LX,7,23300.285714285717,6454.91,Japan
BMW,M3,2025,8433,283,Automatic,Diesel,RWD,Sedan,White,Brown,1,No accident,Dealer,Good,Touring,1,8433.0,55507.17,Germany
Chevrolet,Silverado,2013,234802,188,Automatic,Electric,FWD,Pickup Truck,Blue,Brown,3,Major,Dealer,Excellent,Base,12,19566.83333333333,2739.28,USA
Ram,1500,2016,181097,145,Automatic,Diesel,AWD,Pickup Truck,Red,Black,5,No accident,Dealer,Excellent,Sport,9,20121.88888888889,11262.96,USA
Acura,TLX,2018,79727,247,Automatic,Gasoline,RWD,Sedan,Black,Brown,3,Minor,Private,Fair,Limited,7,11389.57142857143,19094.84,Japan
Audi,Q5,2017,100484,283,Manual,Gasoline,FWD,Sedan,Blue,Beige,4,No accident,Dealer,Excellent,Touring,8,12560.5,28677.59,Germany
GMC,Sierra,2016,119362,207,Automatic,Gasoline,RWD,Pickup Truck,Silver,Beige,5,Minor,Private,Excellent,Sport,9,13262.444444444443,15593.73,USA
Honda,Pilot,2019,4206,159,Automatic,Gasoline,RWD,Sedan,Silver,Beige,2,Major,Dealer,Excellent,Sport,6,701.0,13121.12,Japan
Acura,Integra,2016,185350,293,Manual,Gasoline,FWD,Sedan,Red,Beige,5,No accident,Dealer,Good,Touring,9,20594.444444444445,16029.53,Japan
Chevrolet,Malibu,2021,11525,249,Manual,Diesel,FWD,Pickup Truck,Black,Beige,2,No accident,Dealer,Excellent,Touring,4,2881.25,28255.24,USA
Volvo,XC90,2018,63007,313,Manual,Diesel,RWD,SUV,Black,Brown,5,No accident,Dealer,Excellent,EX,7,9001.0,34828.83,Sweden
Audi,Q7,2019,77194,268,Manual,Electric,RWD,Sedan,Blue,Beige,1,No accident,Private,Good,Sport,6,12865.666666666666,31116.59,Germany
Jeep,Wrangler,2024,3915,211,Manual,Diesel,AWD,SUV,White,Black,1,No accident,Private,Good,EX,1,3915.0,35352.13,USA
Dodge,Challenger,2011,300000,217,Automatic,Electric,FWD,Coupe,Gray,Beige,5,Minor,Dealer,Fair,Sport,14,21428.571428571428,1500.0,USA
Mazda,CX-5,2010,213814,169,Automatic,Gasoline,RWD,SUV,Gray,Black,5,No accident,Private,Excellent,Sport,15,14254.266666666666,1500.0,Japan
Porsche,Panamera,2013,131346,492,Automatic,Gasoline,RWD,Coupe,Red,Black,5,No accident,Dealer,Excellent,LX,12,10945.5,30276.85,Germany
Jeep,Grand Cherokee,2021,29710,185,Automatic,Gasoline,RWD,SUV,Black,Beige,4,Minor,Dealer,Good,Limited,4,7427.5,22750.28,USA
Chrysler,300,2021,8140,235,Automatic,Gasoline,FWD,Sedan,Black,Beige,1,No accident,Dealer,Excellent,Touring,4,2035.0,31346.86,USA
Porsche,911,2013,113836,414,Manual,Gasoline,AWD,Sedan,Blue,Black,5,No accident,Dealer,Good,Sport,12,9486.333333333334,29880.67,Germany
Mercedes-Benz,GLE,2015,110148,328,Automatic,Diesel,RWD,Sedan,Silver,Brown,5,Minor,Dealer,Excellent,Sport,10,11014.8,21094.93,Germany
Chevrolet,Malibu,2025,4573,170,Automatic,Diesel,FWD,Sedan,Gray,Beige,1,No accident,Private,Good,Limited,1,4573.0,32180.93,USA
Tesla,Model S,2024,12620,371,Automatic,Electric,FWD,SUV,Red,Black,2,No accident,Dealer,Excellent,Base,1,12620.0,62510.68,USA
Ford,Focus,2020,71767,138,Manual,Electric,FWD,Sedan,Red,Beige,3,No accident,Dealer,Excellent,Sport,5,14353.4,17218.18,USA
Acura,MDX,2018,117900,217,Manual,Electric,AWD,SUV,Blue,Beige,2,Major,Dealer,Good,Touring,7,16842.85714285714,15035.74,Japan
Cadillac,CT5,2017,14633,326,Manual,Gasoline,RWD,SUV,White,Beige,1,No accident,Dealer,Excellent,Limited,8,1829.125,33178.31,USA
Dodge,Charger,2020,90190,197,Manual,Diesel,RWD,SUV,White,Gray,2,No accident,Private,Excellent,LX,5,18038.0,22178.51,USA
Kia,Optima,2017,90643,126,Automatic,Gasoline,AWD,Sedan,Silver,Black,5,No accident,Dealer,Good,Base,8,11330.375,9829.55,South Korea
Honda,Odyssey,2019,87040,159,Manual,Diesel,FWD,Minivan,Silver,Gray,3,No accident,Dealer,Good,Sport,6,14506.666666666666,13842.21,Japan
GMC,Yukon,2025,596,275,Manual,Electric,AWD,Pickup Truck,Gray,Brown,4,Minor,Dealer,Excellent,Sport,1,596.0,38422.06,USA
Mazda,CX-5,2024,4148,162,Manual,Gasoline,AWD,Sedan,Red,Brown,1,Minor,Dealer,Excellent,Sport,1,4148.0,23527.38,Japan
Dodge,Charger,2020,66611,200,Manual,Gasoline,AWD,SUV,White,Gray,3,No accident,Dealer,Excellent,Touring,5,13322.2,24907.31,USA
Nissan,Pathfinder,2014,214773,127,Automatic,Electric,AWD,Sedan,Silver,Brown,5,No accident,Private,Good,Sport,11,19524.81818181818,1500.0,Japan
Mercedes-Benz,E-Class,2023,37597,293,Manual,Electric,FWD,Sedan,Blue,Brown,3,No accident,Dealer,Excellent,Base,2,18798.5,53507.37,Germany
Land Rover,Defender,2018,82092,465,Manual,Gasoline,RWD,SUV,Silver,Brown,4,No accident,Dealer,Good,LX,7,11727.42857142857,43907.31,UK
GMC,Acadia,2021,51654,228,Manual,Gasoline,AWD,Pickup Truck,Silver,Beige,4,No accident,Dealer,Excellent,LX,4,12913.5,31237.86,USA
Mercedes-Benz,S-Class,2021,28782,296,Automatic,Electric,FWD,Sedan,White,Black,2,No accident,Dealer,Good,Limited,4,7195.5,41210.79,Germany
Porsche,Cayenne,2020,80236,452,Automatic,Diesel,AWD,Sedan,Red,Brown,1,No accident,Dealer,Good,LX,5,16047.2,48403.36,Germany
Cadillac,Escalade,2016,194956,290,Automatic,Diesel,RWD,Sedan,Red,Beige,5,No accident,Dealer,Excellent,LX,9,21661.777777777777,23344.44,USA
Toyota,Highlander,2016,140687,170,Automatic,Diesel,AWD,Sedan,Gray,Gray,4,No accident,Dealer,Good,Sport,9,15631.888888888889,8989.53,Japan
Lexus,RX,2021,41538,293,Automatic,Electric,FWD,SUV,Blue,Gray,2,No accident,Private,Excellent,Sport,4,10384.5,37759.26,Japan
Land Rover,Range Rover,2016,200576,400,Manual,Electric,AWD,SUV,Black,Beige,5,No accident,Dealer,Excellent,Base,9,22286.222222222223,31235.34,UK
Porsche,Macan,2017,92074,486,Manual,Gasoline,RWD,SUV,White,Gray,1,No accident,Private,Good,Base,8,11509.25,40289.68,Germany
Land Rover,Defender,2017,96763,453,Manual,Diesel,FWD,SUV,Black,Gray,3,No accident,Private,Excellent,Sport,8,12095.375,38346.08,UK
Dodge,Challenger,2023,44860,202,Manual,Diesel,RWD,Coupe,Black,Beige,3,Major,Private,Excellent,LX,2,22430.0,25530.41,USA
Jeep,Cherokee,2016,146397,189,Automatic,Diesel,AWD,SUV,Silver,Beige,5,Minor,Dealer,Good,LX,9,16266.333333333334,10430.09,USA
Chevrolet,Silverado,2021,74641,164,Automatic,Diesel,AWD,SUV,Silver,Beige,3,No accident,Private,Excellent,LX,4,18660.25,22992.88,USA
Ford,F-150,2019,90476,158,Manual,Diesel,RWD,SUV,Blue,Brown,3,No accident,Dealer,Good,Limited,6,15079.333333333334,16887.87,USA
Dodge,Charger,2021,62546,242,Manual,Electric,FWD,Coupe,Gray,Beige,3,Minor,Dealer,Excellent,Limited,4,15636.5,26595.78,USA
BMW,3 Series,2016,220848,331,Manual,Electric,AWD,Coupe,Silver,Brown,5,No accident,Private,Good,LX,9,24538.666666666668,16574.67,Germany
Hyundai,Santa Fe,2019,59800,97,Automatic,Diesel,RWD,SUV,Silver,Black,5,No accident,Private,Fair,Sport,6,9966.666666666666,10811.94,South Korea
Chevrolet,Silverado,2012,245405,165,Manual,Gasoline,FWD,Coupe,Silver,Beige,5,Minor,Dealer,Excellent,Base,13,18877.30769230769,1500.0,USA
Ford,F-150,2014,33933,193,Automatic,Diesel,FWD,Sedan,White,Beige,5,No accident,Dealer,Fair,Base,11,3084.818181818182,11588.94,USA
Kia,Sorento,2019,92882,135,Automatic,Gasoline,AWD,SUV,White,Beige,5,No accident,Private,Excellent,Touring,6,15480.333333333334,12442.73,South Korea
Porsche,911,2024,2492,451,Automatic,Gasoline,FWD,Sedan,White,Brown,3,Major,Dealer,Excellent,Sport,1,2492.0,63594.81,Germany
Porsche,911,2023,34973,395,Automatic,Diesel,AWD,Sedan,Blue,Brown,2,No accident,Dealer,Fair,Sport,2,17486.5,57545.96,Germany
Chevrolet,Malibu,2017,189779,222,Manual,Electric,RWD,Coupe,Red,Brown,3,No accident,Dealer,Excellent,EX,8,23722.375,11284.8,USA
GMC,Sierra,2013,183906,215,Automatic,Diesel,RWD,Pickup Truck,Gray,Beige,5,No accident,Dealer,Fair,Limited,12,15325.5,7540.79,USA
Subaru,Forester,2012,158648,183,Manual,Electric,AWD,Sedan,Black,Brown,5,No accident,Private,Excellent,EX,13,12203.692307692309,5178.24,Japan
Chrysler,300,2011,240902,209,Manual,Electric,FWD,Sedan,Blue,Black,5,No accident,Dealer,Good,Sport,14,17207.285714285714,2985.61,USA
Land Rover,Defender,2017,119002,434,Automatic,Diesel,AWD,SUV,White,Gray,1,No accident,Dealer,Good,Touring,8,14875.25,37010.53,UK
Porsche,911,2020,60399,454,Manual,Diesel,FWD,Coupe,White,Beige,4,Minor,Dealer,Good,EX,5,12079.8,49150.83,Germany
Chrysler,Pacifica,2019,52924,203,Automatic,Diesel,AWD,Sedan,Gray,Gray,3,No accident,Dealer,Excellent,EX,6,8820.666666666666,22090.83,USA
Ford,Explorer,2017,105492,233,Manual,Electric,AWD,Coupe,Red,Black,2,No accident,Dealer,Good,Sport,8,13186.5,12769.55,USA
GMC,Sierra,2017,90191,209,Manual,Gasoline,AWD,SUV,Silver,Black,5,No accident,Dealer,Excellent,Base,8,11273.875,20644.2,USA
BMW,X5,2021,81260,300,Manual,Gasoline,RWD,SUV,Blue,Black,1,No accident,Dealer,Good,Limited,4,20315.0,36888.69,Germany
BMW,5 Series,2020,102411,302,Automatic,Electric,RWD,Coupe,Silver,Black,4,No accident,Private,Good,LX,5,20482.2,32340.26,Germany
GMC,Terrain,2020,47003,218,Automatic,Diesel,FWD,Pickup Truck,Blue,Black,2,No accident,Private,Excellent,LX,5,9400.6,27308.49,USA
Mazda,Mazda3,2015,217127,217,Automatic,Electric,FWD,Hatchback,Red,Brown,2,No accident,Dealer,Excellent,LX,10,21712.7,4611.29,Japan
Kia,Optima,2015,130143,144,Manual,Diesel,RWD,Sedan,Red,Beige,5,No accident,Dealer,Fair,Sport,10,13014.3,6110.54,South Korea
Porsche,Panamera,2014,184423,442,Automatic,Diesel,AWD,SUV,Red,Black,3,No accident,Private,Excellent,Sport,11,16765.727272727272,29443.74,Germany
Jeep,Cherokee,2016,104485,169,Automatic,Electric,RWD,SUV,Silver,Brown,5,No accident,Dealer,Good,Base,9,11609.444444444443,13905.86,USA
Kia,Sportage,2021,53298,125,Manual,Electric,FWD,Sedan,Blue,Beige,1,No accident,Dealer,Good,Sport,4,13324.5,17664.21,South Korea
Dodge,Charger,2024,6391,222,Automatic,Electric,AWD,SUV,White,Black,1,No accident,Dealer,Excellent,Limited,1,6391.0,38137.29,USA
Volvo,XC60,2012,239886,275,Manual,Diesel,RWD,Wagon,Gray,Beige,5,No accident,Dealer,Excellent,Base,13,18452.76923076923,10569.9,Sweden
GMC,Terrain,2012,184597,204,Manual,Gasoline,RWD,SUV,Blue,Beige,5,Minor,Dealer,Good,Base,13,14199.76923076923,6443.12,USA
GMC,Acadia,2024,6755,220,Automatic,Gasoline,FWD,SUV,Black,Black,2,Minor,Private,Excellent,Base,1,6755.0,33139.96,USA
Subaru,Forester,2019,102654,182,Manual,Gasoline,AWD,SUV,Blue,Beige,1,Minor,Dealer,Fair,EX,6,17109.0,12407.98,Japan
Volkswagen,Passat,2018,89470,162,Automatic,Gasoline,FWD,Hatchback,Black,Beige,3,No accident,Private,Excellent,Limited,7,12781.42857142857,14441.76,Germany
Hyundai,Sonata,2025,1860,130,Manual,Electric,AWD,SUV,Red,Brown,1,No accident,Dealer,Good,Base,1,1860.0,24252.18,South Korea
Honda,Civic,2017,92852,156,Automatic,Electric,FWD,Minivan,Red,Brown,5,No accident,Dealer,Excellent,LX,8,11606.5,11349.65,Japan
Chrysler,300,2017,47687,214,Automatic,Electric,AWD,Sedan,Blue,Black,3,No accident,Dealer,Good,Sport,8,5960.875,20231.42,USA
Porsche,911,2018,181635,451,Automatic,Diesel,FWD,Sedan,Red,Gray,4,Minor,Dealer,Good,Sport,7,25947.85714285714,37642.05,Germany
Volkswagen,Passat,2020,59262,141,Manual,Diesel,FWD,Hatchback,Gray,Beige,1,Minor,Private,Excellent,LX,5,11852.4,16019.05,Germany
Ford,F-150,2021,100688,166,Manual,Gasoline,AWD,Sedan,Blue,Black,2,Minor,Dealer,Good,Touring,4,25172.0,17886.23,USA
Chrysler,Pacifica,2025,2189,201,Automatic,Electric,AWD,Sedan,Silver,Brown,1,No accident,Private,Good,EX,1,2189.0,36046.39,USA
Volvo,XC90,2019,27051,266,Manual,Diesel,FWD,Sedan,Red,Black,2,No accident,Dealer,Excellent,LX,6,4508.5,33974.45,Sweden
GMC,Sierra,2014,86463,230,Automatic,Diesel,FWD,Pickup Truck,Black,Gray,5,Minor,Dealer,Excellent,Limited,11,7860.272727272727,14025.24,USA
Nissan,Pathfinder,2023,32930,137,Automatic,Electric,FWD,Pickup Truck,Black,Gray,2,No accident,Dealer,Good,LX,2,16465.0,20222.57,Japan
GMC,Acadia,2014,97574,220,Manual,Diesel,FWD,Pickup Truck,White,Brown,5,No accident,Dealer,Excellent,Sport,11,8870.363636363636,16908.48,USA
Tesla,Model Y,2019,94111,360,Automatic,Electric,AWD,SUV,Gray,Gray,2,No accident,Dealer,Excellent,Sport,6,15685.166666666666,40623.08,USA
GMC,Acadia,2014,174691,231,Automatic,Gasoline,FWD,Pickup Truck,Blue,Beige,5,No accident,Dealer,Good,Sport,11,15881.0,10231.91,USA
Mercedes-Benz,C-Class,2016,154732,351,Manual,Electric,FWD,Coupe,Red,Black,4,No accident,Dealer,Excellent,Sport,9,17192.444444444445,25917.8,Germany
Nissan,Altima,2020,60976,120,Manual,Gasoline,RWD,Sedan,Red,Black,1,No accident,Dealer,Good,Base,5,12195.2,14331.15,Japan
Mercedes-Benz,S-Class,2019,167626,333,Manual,Gasoline,FWD,SUV,Black,Beige,3,Minor,Dealer,Excellent,Sport,6,27937.666666666668,28015.84,Germany
Kia,Optima,2021,62912,139,Manual,Diesel,FWD,SUV,Red,Brown,1,No accident,Dealer,Good,Limited,4,15728.0,16884.53,South Korea
Acura,RDX,2014,138394,284,Automatic,Electric,FWD,SUV,White,Beige,5,No accident,Dealer,Excellent,Sport,11,12581.272727272728,17644.78,Japan
Porsche,Cayenne,2019,81663,474,Automatic,Gasoline,AWD,SUV,White,Gray,2,Minor,Private,Good,Sport,6,13610.5,48008.54,Germany
Volvo,V60,2018,101249,342,Manual,Diesel,FWD,SUV,White,Brown,3,Minor,Dealer,Excellent,Touring,7,14464.142857142857,26448.18,Sweden
Ford,Escape,2013,76468,124,Manual,Gasoline,AWD,SUV,White,Gray,5,No accident,Dealer,Good,Base,12,6372.333333333333,9278.67,USA
Subaru,Outback,2013,75072,178,Automatic,Electric,AWD,Sedan,Blue,Beige,5,No accident,Private,Good,LX,12,6256.0,9295.69,Japan
Audi,R8,2013,1944,339,Manual,Electric,RWD,Coupe,Blue,Gray,5,Minor,Dealer,Good,Limited,12,162.0,22451.16,Germany
Dodge,Charger,2019,80607,164,Automatic,Gasoline,RWD,Sedan,Red,Beige,1,No accident,Dealer,Good,Sport,6,13434.5,20206.42,USA
Dodge,Challenger,2008,127077,155,Manual,Diesel,FWD,Coupe,Silver,Brown,5,Minor,Dealer,Excellent,Sport,17,7475.117647058823,4127.63,USA
GMC,Acadia,2014,213476,242,Automatic,Electric,RWD,SUV,White,Black,5,No accident,Dealer,Good,Sport,11,19406.90909090909,9317.8,USA
Mazda,CX-9,2020,49046,177,Automatic,Electric,FWD,SUV,Black,Beige,5,No accident,Dealer,Good,Sport,5,9809.2,18139.08,Japan
Dodge,Challenger,2019,93179,120,Manual,Diesel,RWD,Coupe,Red,Gray,3,Major,Dealer,Excellent,Sport,6,15529.833333333334,12821.81,USA
Toyota,Highlander,2015,117293,128,Manual,Gasoline,RWD,Sedan,Red,Brown,4,No accident,Private,Good,Limited,10,11729.3,8110.71,Japan
Volkswagen,Golf,2019,87785,167,Manual,Gasoline,RWD,Sedan,Gray,Beige,1,No accident,Dealer,Excellent,Limited,6,14630.833333333334,16778.03,Germany
Nissan,Altima,2024,6526,166,Manual,Gasoline,FWD,SUV,Silver,Beige,1,Minor,Dealer,Excellent,Base,1,6526.0,24522.39,Japan
Mazda,Mazda6,2015,110866,187,Automatic,Diesel,FWD,SUV,Gray,Beige,5,No accident,Dealer,Good,Base,10,11086.6,9529.06,Japan
Ford,Escape,2015,189612,184,Automatic,Gasoline,FWD,Pickup Truck,White,Beige,5,No accident,Dealer,Good,Limited,10,18961.2,6113.59,USA
Kia,Sportage,2017,105124,175,Manual,Electric,FWD,SUV,Gray,Beige,4,No accident,Dealer,Good,Sport,8,13140.5,9894.08,South Korea
Subaru,Crosstrek,2019,23348,189,Automatic,Electric,AWD,SUV,Red,Gray,1,No accident,Dealer,Excellent,LX,6,3891.3333333333335,19183.2,Japan
Land Rover,Discovery,2016,141297,391,Manual,Diesel,FWD,SUV,Black,Black,2,No accident,Dealer,Good,Sport,9,15699.666666666666,35068.28,UK
Ford,F-150,2014,219569,178,Manual,Gasoline,RWD,Coupe,Black,Beige,3,No accident,Dealer,Fair,Touring,11,19960.81818181818,3654.36,USA
Mercedes-Benz,S-Class,2013,91870,285,Automatic,Gasoline,FWD,Sedan,Gray,Black,3,No accident,Dealer,Excellent,Base,12,7655.833333333333,21788.49,Germany
Kia,Sorento,2012,151532,181,Manual,Diesel,FWD,SUV,Blue,Beige,5,Minor,Dealer,Good,Sport,13,11656.307692307691,3760.33,South Korea
Mercedes-Benz,C-Class,2013,252992,294,Automatic,Gasoline,AWD,Sedan,Blue,Black,5,No accident,Dealer,Good,LX,12,21082.666666666668,12363.5,Germany
Toyota,RAV4,2014,149412,90,Manual,Electric,RWD,SUV,Black,Black,3,Minor,Private,Excellent,Base,11,13582.90909090909,4134.5,Japan
Chevrolet,Silverado,2024,24540,179,Automatic,Electric,AWD,Pickup Truck,Silver,Gray,1,No accident,Dealer,Fair,EX,1,24540.0,28006.13,USA
Dodge,Charger,2013,257035,197,Manual,Electric,FWD,Sedan,Black,Gray,5,No accident,Dealer,Excellent,Sport,12,21419.58333333333,2989.85,USA
Honda,Pilot,2005,286721,90,Manual,Gasoline,RWD,SUV,Black,Beige,5,No accident,Dealer,Good,Sport,20,14336.05,1500.0,Japan
Ford,Escape,2016,109825,158,Manual,Gasoline,AWD,SUV,Red,Brown,5,No accident,Dealer,Fair,EX,9,12202.777777777776,9534.3,USA
GMC,Sierra,2020,107361,223,Manual,Gasoline,AWD,Pickup Truck,Blue,Gray,4,No accident,Dealer,Fair,LX,5,21472.2,20480.29,USA
Porsche,Macan,2007,164930,417,Automatic,Diesel,FWD,Coupe,Black,Gray,5,No accident,Dealer,Good,LX,18,9162.777777777776,16173.38,Germany
Volkswagen,Tiguan,2017,175284,140,Manual,Electric,FWD,SUV,Blue,Gray,5,Minor,Private,Fair,Sport,8,21910.5,5982.38,Germany
Ram,1500,2018,131957,231,Manual,Diesel,FWD,Pickup Truck,Silver,Beige,5,No accident,Dealer,Excellent,Touring,7,18851.0,18234.15,USA
Nissan,Titan,2019,49416,143,Automatic,Diesel,FWD,SUV,Red,Beige,1,No accident,Dealer,Good,Sport,6,8236.0,15331.47,Japan
Chrysler,300,2023,18917,239,Automatic,Electric,AWD,Sedan,Red,Brown,2,No accident,Dealer,Excellent,EX,2,9458.5,36585.31,USA
Audi,A6,2025,875,338,Manual,Electric,AWD,Coupe,Silver,Beige,1,No accident,Dealer,Excellent,Base,1,875.0,53461.24,Germany
Chrysler,300,2015,149118,232,Manual,Gasoline,FWD,Sedan,White,Gray,5,No accident,Dealer,Good,Base,10,14911.8,12058.47,USA
Ford,Escape,2013,197817,227,Manual,Diesel,RWD,Sedan,Blue,Beige,5,Minor,Dealer,Excellent,Touring,12,16484.75,4906.54,USA
Ram,3500,2021,62215,180,Automatic,Diesel,FWD,Pickup Truck,White,Brown,3,No accident,Dealer,Good,EX,4,15553.75,25546.6,USA
Subaru,Forester,2021,56290,227,Automatic,Electric,AWD,Sedan,Blue,Black,3,No accident,Dealer,Good,Limited,4,14072.5,23517.88,Japan
Acura,TLX,2014,57252,251,Manual,Electric,AWD,Sedan,White,Black,5,No accident,Dealer,Fair,Touring,11,5204.727272727273,18052.91,Japan
Mercedes-Benz,E-Class,2017,130411,335,Manual,Electric,AWD,SUV,Red,Brown,3,No accident,Dealer,Excellent,LX,8,16301.375,27176.16,Germany
Porsche,Cayenne,2014,231947,467,Manual,Gasoline,RWD,Sedan,Blue,Black,5,No accident,Private,Excellent,EX,11,21086.090909090908,29311.14,Germany
Chevrolet,Equinox,2022,55023,234,Automatic,Diesel,FWD,Coupe,Black,Gray,5,No accident,Dealer,Good,Base,3,18341.0,25483.03,USA
Jeep,Wrangler,2020,72091,172,Automatic,Diesel,FWD,SUV,Silver,Gray,1,No accident,Dealer,Good,EX,5,14418.2,22751.09,USA
Audi,A4,2015,112611,264,Manual,Gasoline,FWD,Coupe,Gray,Black,4,No accident,Private,Excellent,Limited,10,11261.1,21876.1,Germany
Porsche,Macan,2024,17559,455,Automatic,Gasoline,RWD,Coupe,Black,Brown,2,No accident,Dealer,Good,LX,1,17559.0,74664.83,Germany
Tesla,Model Y,2015,83503,285,Automatic,Electric,AWD,Sedan,Black,Gray,4,No accident,Private,Good,Sport,10,8350.3,23470.85,USA
Ram,2500,2019,62522,171,Manual,Electric,AWD,Pickup Truck,White,Black,2,Minor,Private,Good,Limited,6,10420.333333333334,19349.84,USA
Kia,Sportage,2015,193887,129,Manual,Gasoline,AWD,Sedan,Black,Brown,2,Minor,Dealer,Excellent,Limited,10,19388.7,2517.86,South Korea
Toyota,RAV4,2018,59775,130,Manual,Diesel,RWD,SUV,Black,Black,5,Minor,Dealer,Good,Touring,7,8539.285714285714,13216.32,Japan
Mercedes-Benz,E-Class,2025,1266,279,Manual,Gasoline,RWD,SUV,Gray,Beige,3,No accident,Dealer,Fair,LX,1,1266.0,52113.1,Germany
Honda,Odyssey,2023,29343,149,Automatic,Gasoline,RWD,Minivan,White,Gray,4,No accident,Private,Fair,EX,2,14671.5,20289.1,Japan
Lexus,IS,2011,222382,304,Manual,Gasoline,FWD,SUV,Gray,Beige,5,No accident,Dealer,Excellent,EX,14,15884.42857142857,9277.63,Japan
